"modality"	"sample_id"	"participant_id"	"group"	"time"	"phase"	"bray_curtis_to_baseline"	"n_baseline"
"bacteria"	"SYN_P01_T01"	"SYN_P01"	"comparator"	-14	"baseline"	0.13222	2
"bacteria"	"SYN_P01_T02"	"SYN_P01"	"comparator"	-7	"baseline"	0.13222	2
"bacteria"	"SYN_P01_T03"	"SYN_P01"	"comparator"	0	"treatment"	0.14987	2
"bacteria"	"SYN_P01_T04"	"SYN_P01"	"comparator"	14	"treatment"	0.0963	2
"bacteria"	"SYN_P01_T05"	"SYN_P01"	"comparator"	28	"treatment"	0.11877	2
"bacteria"	"SYN_P01_T06"	"SYN_P01"	"comparator"	56	"treatment"	0.11258	2
"bacteria"	"SYN_P01_T07"	"SYN_P01"	"comparator"	84	"treatment"	0.0932	2
"bacteria"	"SYN_P01_T08"	"SYN_P01"	"comparator"	112	"followup"	0.11917	2
"bacteria"	"SYN_P01_T09"	"SYN_P01"	"comparator"	140	"followup"	0.09714	2
"bacteria"	"SYN_P01_T10"	"SYN_P01"	"comparator"	168	"followup"	0.14506	2
"bacteria"	"SYN_P02_T01"	"SYN_P02"	"comparator"	-14	"baseline"	0.17328	2
"bacteria"	"SYN_P02_T02"	"SYN_P02"	"comparator"	-7	"baseline"	0.17328	2
"bacteria"	"SYN_P02_T03"	"SYN_P02"	"comparator"	0	"treatment"	0.11756	2
"bacteria"	"SYN_P02_T04"	"SYN_P02"	"comparator"	14	"treatment"	0.17025	2
"bacteria"	"SYN_P02_T05"	"SYN_P02"	"comparator"	28	"treatment"	0.16482	2
"bacteria"	"SYN_P02_T06"	"SYN_P02"	"comparator"	56	"treatment"	0.17223	2
"bacteria"	"SYN_P02_T07"	"SYN_P02"	"comparator"	84	"treatment"	0.10774	2
"bacteria"	"SYN_P02_T08"	"SYN_P02"	"comparator"	112	"followup"	0.16284	2
"bacteria"	"SYN_P02_T09"	"SYN_P02"	"comparator"	140	"followup"	0.11638	2
"bacteria"	"SYN_P02_T10"	"SYN_P02"	"comparator"	168	"followup"	0.15008	2
"bacteria"	"SYN_P03_T01"	"SYN_P03"	"comparator"	-14	"baseline"	0.08276	2
"bacteria"	"SYN_P03_T02"	"SYN_P03"	"comparator"	-7	"baseline"	0.08276	2
"bacteria"	"SYN_P03_T03"	"SYN_P03"	"comparator"	0	"treatment"	0.09375	2
"bacteria"	"SYN_P03_T04"	"SYN_P03"	"comparator"	14	"treatment"	0.10923	2
"bacteria"	"SYN_P03_T05"	"SYN_P03"	"comparator"	28	"treatment"	0.18286	2
"bacteria"	"SYN_P03_T06"	"SYN_P03"	"comparator"	56	"treatment"	0.1003	2
"bacteria"	"SYN_P03_T07"	"SYN_P03"	"comparator"	84	"treatment"	0.08845	2
"bacteria"	"SYN_P03_T08"	"SYN_P03"	"comparator"	112	"followup"	0.09308	2
"bacteria"	"SYN_P03_T09"	"SYN_P03"	"comparator"	140	"followup"	0.08753	2
"bacteria"	"SYN_P03_T10"	"SYN_P03"	"comparator"	168	"followup"	0.07496	2
"bacteria"	"SYN_P04_T01"	"SYN_P04"	"comparator"	-14	"baseline"	0.16416	2
"bacteria"	"SYN_P04_T02"	"SYN_P04"	"comparator"	-7	"baseline"	0.16416	2
"bacteria"	"SYN_P04_T03"	"SYN_P04"	"comparator"	0	"treatment"	0.13198	2
"bacteria"	"SYN_P04_T04"	"SYN_P04"	"comparator"	14	"treatment"	0.0759	2
"bacteria"	"SYN_P04_T05"	"SYN_P04"	"comparator"	28	"treatment"	0.07553	2
"bacteria"	"SYN_P04_T06"	"SYN_P04"	"comparator"	56	"treatment"	0.1318	2
"bacteria"	"SYN_P04_T07"	"SYN_P04"	"comparator"	84	"treatment"	0.10527	2
"bacteria"	"SYN_P04_T08"	"SYN_P04"	"comparator"	112	"followup"	0.16441	2
"bacteria"	"SYN_P04_T09"	"SYN_P04"	"comparator"	140	"followup"	0.11261	2
"bacteria"	"SYN_P04_T10"	"SYN_P04"	"comparator"	168	"followup"	0.11956	2
"bacteria"	"SYN_P05_T01"	"SYN_P05"	"comparator"	-14	"baseline"	0.15108	2
"bacteria"	"SYN_P05_T02"	"SYN_P05"	"comparator"	-7	"baseline"	0.15108	2
"bacteria"	"SYN_P05_T03"	"SYN_P05"	"comparator"	0	"treatment"	0.12872	2
"bacteria"	"SYN_P05_T04"	"SYN_P05"	"comparator"	14	"treatment"	0.11527	2
"bacteria"	"SYN_P05_T05"	"SYN_P05"	"comparator"	28	"treatment"	0.16501	2
"bacteria"	"SYN_P05_T06"	"SYN_P05"	"comparator"	56	"treatment"	0.11668	2
"bacteria"	"SYN_P05_T07"	"SYN_P05"	"comparator"	84	"treatment"	0.0916	2
"bacteria"	"SYN_P05_T08"	"SYN_P05"	"comparator"	112	"followup"	0.10848	2
"bacteria"	"SYN_P05_T09"	"SYN_P05"	"comparator"	140	"followup"	0.11002	2
"bacteria"	"SYN_P05_T10"	"SYN_P05"	"comparator"	168	"followup"	0.11859	2
"bacteria"	"SYN_P06_T01"	"SYN_P06"	"comparator"	-14	"baseline"	0.11162	2
"bacteria"	"SYN_P06_T02"	"SYN_P06"	"comparator"	-7	"baseline"	0.11162	2
"bacteria"	"SYN_P06_T03"	"SYN_P06"	"comparator"	0	"treatment"	0.11228	2
"bacteria"	"SYN_P06_T04"	"SYN_P06"	"comparator"	14	"treatment"	0.09237	2
"bacteria"	"SYN_P06_T05"	"SYN_P06"	"comparator"	28	"treatment"	0.09741	2
"bacteria"	"SYN_P06_T06"	"SYN_P06"	"comparator"	56	"treatment"	0.15294	2
"bacteria"	"SYN_P06_T07"	"SYN_P06"	"comparator"	84	"treatment"	0.05336	2
"bacteria"	"SYN_P06_T08"	"SYN_P06"	"comparator"	112	"followup"	0.084	2
"bacteria"	"SYN_P06_T09"	"SYN_P06"	"comparator"	140	"followup"	0.05798	2
"bacteria"	"SYN_P06_T10"	"SYN_P06"	"comparator"	168	"followup"	0.14659	2
"bacteria"	"SYN_P07_T01"	"SYN_P07"	"comparator"	-14	"baseline"	0.13578	2
"bacteria"	"SYN_P07_T02"	"SYN_P07"	"comparator"	-7	"baseline"	0.13578	2
"bacteria"	"SYN_P07_T03"	"SYN_P07"	"comparator"	0	"treatment"	0.1288	2
"bacteria"	"SYN_P07_T04"	"SYN_P07"	"comparator"	14	"treatment"	0.08388	2
"bacteria"	"SYN_P07_T05"	"SYN_P07"	"comparator"	28	"treatment"	0.11956	2
"bacteria"	"SYN_P07_T06"	"SYN_P07"	"comparator"	56	"treatment"	0.07456	2
"bacteria"	"SYN_P07_T07"	"SYN_P07"	"comparator"	84	"treatment"	0.10297	2
"bacteria"	"SYN_P07_T08"	"SYN_P07"	"comparator"	112	"followup"	0.12751	2
"bacteria"	"SYN_P07_T09"	"SYN_P07"	"comparator"	140	"followup"	0.14061	2
"bacteria"	"SYN_P07_T10"	"SYN_P07"	"comparator"	168	"followup"	0.09614	2
"bacteria"	"SYN_P08_T01"	"SYN_P08"	"comparator"	-14	"baseline"	0.17658	2
"bacteria"	"SYN_P08_T02"	"SYN_P08"	"comparator"	-7	"baseline"	0.17658	2
"bacteria"	"SYN_P08_T03"	"SYN_P08"	"comparator"	0	"treatment"	0.09978	2
"bacteria"	"SYN_P08_T04"	"SYN_P08"	"comparator"	14	"treatment"	0.10332	2
"bacteria"	"SYN_P08_T05"	"SYN_P08"	"comparator"	28	"treatment"	0.08542	2
"bacteria"	"SYN_P08_T06"	"SYN_P08"	"comparator"	56	"treatment"	0.09859	2
"bacteria"	"SYN_P08_T07"	"SYN_P08"	"comparator"	84	"treatment"	0.09202	2
"bacteria"	"SYN_P08_T08"	"SYN_P08"	"comparator"	112	"followup"	0.10067	2
"bacteria"	"SYN_P08_T09"	"SYN_P08"	"comparator"	140	"followup"	0.12488	2
"bacteria"	"SYN_P08_T10"	"SYN_P08"	"comparator"	168	"followup"	0.11608	2
"bacteria"	"SYN_P09_T01"	"SYN_P09"	"comparator"	-14	"baseline"	0.1964	2
"bacteria"	"SYN_P09_T02"	"SYN_P09"	"comparator"	-7	"baseline"	0.1964	2
"bacteria"	"SYN_P09_T03"	"SYN_P09"	"comparator"	0	"treatment"	0.25645	2
"bacteria"	"SYN_P09_T04"	"SYN_P09"	"comparator"	14	"treatment"	0.17614	2
"bacteria"	"SYN_P09_T05"	"SYN_P09"	"comparator"	28	"treatment"	0.11085	2
"bacteria"	"SYN_P09_T06"	"SYN_P09"	"comparator"	56	"treatment"	0.10097	2
"bacteria"	"SYN_P09_T07"	"SYN_P09"	"comparator"	84	"treatment"	0.12669	2
"bacteria"	"SYN_P09_T08"	"SYN_P09"	"comparator"	112	"followup"	0.14214	2
"bacteria"	"SYN_P09_T09"	"SYN_P09"	"comparator"	140	"followup"	0.14212	2
"bacteria"	"SYN_P09_T10"	"SYN_P09"	"comparator"	168	"followup"	0.10084	2
"bacteria"	"SYN_P10_T01"	"SYN_P10"	"comparator"	-14	"baseline"	0.12144	2
"bacteria"	"SYN_P10_T02"	"SYN_P10"	"comparator"	-7	"baseline"	0.12144	2
"bacteria"	"SYN_P10_T03"	"SYN_P10"	"comparator"	0	"treatment"	0.07682	2
"bacteria"	"SYN_P10_T04"	"SYN_P10"	"comparator"	14	"treatment"	0.13737	2
"bacteria"	"SYN_P10_T05"	"SYN_P10"	"comparator"	28	"treatment"	0.08977	2
"bacteria"	"SYN_P10_T06"	"SYN_P10"	"comparator"	56	"treatment"	0.12461	2
"bacteria"	"SYN_P10_T07"	"SYN_P10"	"comparator"	84	"treatment"	0.07836	2
"bacteria"	"SYN_P10_T08"	"SYN_P10"	"comparator"	112	"followup"	0.12302	2
"bacteria"	"SYN_P10_T09"	"SYN_P10"	"comparator"	140	"followup"	0.0616	2
"bacteria"	"SYN_P10_T10"	"SYN_P10"	"comparator"	168	"followup"	0.09985	2
"bacteria"	"SYN_P11_T01"	"SYN_P11"	"comparator"	-14	"baseline"	0.08934	2
"bacteria"	"SYN_P11_T02"	"SYN_P11"	"comparator"	-7	"baseline"	0.08934	2
"bacteria"	"SYN_P11_T03"	"SYN_P11"	"comparator"	0	"treatment"	0.09406	2
"bacteria"	"SYN_P11_T04"	"SYN_P11"	"comparator"	14	"treatment"	0.11016	2
"bacteria"	"SYN_P11_T05"	"SYN_P11"	"comparator"	28	"treatment"	0.09767	2
"bacteria"	"SYN_P11_T06"	"SYN_P11"	"comparator"	56	"treatment"	0.11293	2
"bacteria"	"SYN_P11_T07"	"SYN_P11"	"comparator"	84	"treatment"	0.15907	2
"bacteria"	"SYN_P11_T08"	"SYN_P11"	"comparator"	112	"followup"	0.07719	2
"bacteria"	"SYN_P11_T09"	"SYN_P11"	"comparator"	140	"followup"	0.1336	2
"bacteria"	"SYN_P11_T10"	"SYN_P11"	"comparator"	168	"followup"	0.07567	2
"bacteria"	"SYN_P12_T01"	"SYN_P12"	"comparator"	-14	"baseline"	0.07838	2
"bacteria"	"SYN_P12_T02"	"SYN_P12"	"comparator"	-7	"baseline"	0.07838	2
"bacteria"	"SYN_P12_T03"	"SYN_P12"	"comparator"	0	"treatment"	0.09934	2
"bacteria"	"SYN_P12_T04"	"SYN_P12"	"comparator"	14	"treatment"	0.12071	2
"bacteria"	"SYN_P12_T05"	"SYN_P12"	"comparator"	28	"treatment"	0.14959	2
"bacteria"	"SYN_P12_T06"	"SYN_P12"	"comparator"	56	"treatment"	0.16386	2
"bacteria"	"SYN_P12_T07"	"SYN_P12"	"comparator"	84	"treatment"	0.1048	2
"bacteria"	"SYN_P12_T08"	"SYN_P12"	"comparator"	112	"followup"	0.13773	2
"bacteria"	"SYN_P12_T09"	"SYN_P12"	"comparator"	140	"followup"	0.12502	2
"bacteria"	"SYN_P12_T10"	"SYN_P12"	"comparator"	168	"followup"	0.15271	2
"bacteria"	"SYN_P13_T01"	"SYN_P13"	"comparator"	-14	"baseline"	0.1327	2
"bacteria"	"SYN_P13_T02"	"SYN_P13"	"comparator"	-7	"baseline"	0.1327	2
"bacteria"	"SYN_P13_T03"	"SYN_P13"	"comparator"	0	"treatment"	0.14229	2
"bacteria"	"SYN_P13_T04"	"SYN_P13"	"comparator"	14	"treatment"	0.09506	2
"bacteria"	"SYN_P13_T05"	"SYN_P13"	"comparator"	28	"treatment"	0.10009	2
"bacteria"	"SYN_P13_T06"	"SYN_P13"	"comparator"	56	"treatment"	0.05986	2
"bacteria"	"SYN_P13_T07"	"SYN_P13"	"comparator"	84	"treatment"	0.08027	2
"bacteria"	"SYN_P13_T08"	"SYN_P13"	"comparator"	112	"followup"	0.08658	2
"bacteria"	"SYN_P13_T09"	"SYN_P13"	"comparator"	140	"followup"	0.11201	2
"bacteria"	"SYN_P13_T10"	"SYN_P13"	"comparator"	168	"followup"	0.11168	2
"bacteria"	"SYN_P14_T01"	"SYN_P14"	"comparator"	-14	"baseline"	0.16184	2
"bacteria"	"SYN_P14_T02"	"SYN_P14"	"comparator"	-7	"baseline"	0.16184	2
"bacteria"	"SYN_P14_T03"	"SYN_P14"	"comparator"	0	"treatment"	0.0934	2
"bacteria"	"SYN_P14_T04"	"SYN_P14"	"comparator"	14	"treatment"	0.08733	2
"bacteria"	"SYN_P14_T05"	"SYN_P14"	"comparator"	28	"treatment"	0.07713	2
"bacteria"	"SYN_P14_T06"	"SYN_P14"	"comparator"	56	"treatment"	0.07535	2
"bacteria"	"SYN_P14_T07"	"SYN_P14"	"comparator"	84	"treatment"	0.04771	2
"bacteria"	"SYN_P14_T08"	"SYN_P14"	"comparator"	112	"followup"	0.09661	2
"bacteria"	"SYN_P14_T09"	"SYN_P14"	"comparator"	140	"followup"	0.08888	2
"bacteria"	"SYN_P14_T10"	"SYN_P14"	"comparator"	168	"followup"	0.1029	2
"bacteria"	"SYN_P15_T01"	"SYN_P15"	"comparator"	-14	"baseline"	0.14946	2
"bacteria"	"SYN_P15_T02"	"SYN_P15"	"comparator"	-7	"baseline"	0.14946	2
"bacteria"	"SYN_P15_T03"	"SYN_P15"	"comparator"	0	"treatment"	0.09789	2
"bacteria"	"SYN_P15_T04"	"SYN_P15"	"comparator"	14	"treatment"	0.06666	2
"bacteria"	"SYN_P15_T05"	"SYN_P15"	"comparator"	28	"treatment"	0.08259	2
"bacteria"	"SYN_P15_T06"	"SYN_P15"	"comparator"	56	"treatment"	0.09452	2
"bacteria"	"SYN_P15_T07"	"SYN_P15"	"comparator"	84	"treatment"	0.20512	2
"bacteria"	"SYN_P15_T08"	"SYN_P15"	"comparator"	112	"followup"	0.15939	2
"bacteria"	"SYN_P15_T09"	"SYN_P15"	"comparator"	140	"followup"	0.09055	2
"bacteria"	"SYN_P15_T10"	"SYN_P15"	"comparator"	168	"followup"	0.15375	2
"bacteria"	"SYN_P16_T01"	"SYN_P16"	"comparator"	-14	"baseline"	0.15092	2
"bacteria"	"SYN_P16_T02"	"SYN_P16"	"comparator"	-7	"baseline"	0.15092	2
"bacteria"	"SYN_P16_T03"	"SYN_P16"	"comparator"	0	"treatment"	0.13091	2
"bacteria"	"SYN_P16_T04"	"SYN_P16"	"comparator"	14	"treatment"	0.10546	2
"bacteria"	"SYN_P16_T05"	"SYN_P16"	"comparator"	28	"treatment"	0.11332	2
"bacteria"	"SYN_P16_T06"	"SYN_P16"	"comparator"	56	"treatment"	0.1264	2
"bacteria"	"SYN_P16_T07"	"SYN_P16"	"comparator"	84	"treatment"	0.11077	2
"bacteria"	"SYN_P16_T08"	"SYN_P16"	"comparator"	112	"followup"	0.14547	2
"bacteria"	"SYN_P16_T09"	"SYN_P16"	"comparator"	140	"followup"	0.09615	2
"bacteria"	"SYN_P16_T10"	"SYN_P16"	"comparator"	168	"followup"	0.09947	2
"bacteria"	"SYN_P17_T01"	"SYN_P17"	"semaglutide"	-14	"baseline"	0.18598	2
"bacteria"	"SYN_P17_T02"	"SYN_P17"	"semaglutide"	-7	"baseline"	0.18598	2
"bacteria"	"SYN_P17_T03"	"SYN_P17"	"semaglutide"	0	"treatment"	0.16194	2
"bacteria"	"SYN_P17_T04"	"SYN_P17"	"semaglutide"	14	"treatment"	0.16407	2
"bacteria"	"SYN_P17_T05"	"SYN_P17"	"semaglutide"	28	"treatment"	0.19268	2
"bacteria"	"SYN_P17_T06"	"SYN_P17"	"semaglutide"	56	"treatment"	0.19807	2
"bacteria"	"SYN_P17_T07"	"SYN_P17"	"semaglutide"	84	"treatment"	0.19825	2
"bacteria"	"SYN_P17_T08"	"SYN_P17"	"semaglutide"	112	"followup"	0.1935	2
"bacteria"	"SYN_P17_T09"	"SYN_P17"	"semaglutide"	140	"followup"	0.13427	2
"bacteria"	"SYN_P17_T10"	"SYN_P17"	"semaglutide"	168	"followup"	0.07725	2
"bacteria"	"SYN_P18_T01"	"SYN_P18"	"semaglutide"	-14	"baseline"	0.1311	2
"bacteria"	"SYN_P18_T02"	"SYN_P18"	"semaglutide"	-7	"baseline"	0.1311	2
"bacteria"	"SYN_P18_T03"	"SYN_P18"	"semaglutide"	0	"treatment"	0.26357	2
"bacteria"	"SYN_P18_T04"	"SYN_P18"	"semaglutide"	14	"treatment"	0.24156	2
"bacteria"	"SYN_P18_T05"	"SYN_P18"	"semaglutide"	28	"treatment"	0.26555	2
"bacteria"	"SYN_P18_T06"	"SYN_P18"	"semaglutide"	56	"treatment"	0.26962	2
"bacteria"	"SYN_P18_T07"	"SYN_P18"	"semaglutide"	84	"treatment"	0.12936	2
"bacteria"	"SYN_P18_T08"	"SYN_P18"	"semaglutide"	112	"followup"	0.15255	2
"bacteria"	"SYN_P18_T09"	"SYN_P18"	"semaglutide"	140	"followup"	0.07784	2
"bacteria"	"SYN_P18_T10"	"SYN_P18"	"semaglutide"	168	"followup"	0.04651	2
"bacteria"	"SYN_P19_T01"	"SYN_P19"	"semaglutide"	-14	"baseline"	0.16574	2
"bacteria"	"SYN_P19_T02"	"SYN_P19"	"semaglutide"	-7	"baseline"	0.16574	2
"bacteria"	"SYN_P19_T03"	"SYN_P19"	"semaglutide"	0	"treatment"	0.14718	2
"bacteria"	"SYN_P19_T04"	"SYN_P19"	"semaglutide"	14	"treatment"	0.13973	2
"bacteria"	"SYN_P19_T05"	"SYN_P19"	"semaglutide"	28	"treatment"	0.15725	2
"bacteria"	"SYN_P19_T06"	"SYN_P19"	"semaglutide"	56	"treatment"	0.10957	2
"bacteria"	"SYN_P19_T07"	"SYN_P19"	"semaglutide"	84	"treatment"	0.24415	2
"bacteria"	"SYN_P19_T08"	"SYN_P19"	"semaglutide"	112	"followup"	0.11659	2
"bacteria"	"SYN_P19_T09"	"SYN_P19"	"semaglutide"	140	"followup"	0.16129	2
"bacteria"	"SYN_P19_T10"	"SYN_P19"	"semaglutide"	168	"followup"	0.09418	2
"bacteria"	"SYN_P20_T01"	"SYN_P20"	"semaglutide"	-14	"baseline"	0.20018	2
"bacteria"	"SYN_P20_T02"	"SYN_P20"	"semaglutide"	-7	"baseline"	0.20018	2
"bacteria"	"SYN_P20_T03"	"SYN_P20"	"semaglutide"	0	"treatment"	0.29003	2
"bacteria"	"SYN_P20_T04"	"SYN_P20"	"semaglutide"	14	"treatment"	0.21722	2
"bacteria"	"SYN_P20_T05"	"SYN_P20"	"semaglutide"	28	"treatment"	0.21461	2
"bacteria"	"SYN_P20_T06"	"SYN_P20"	"semaglutide"	56	"treatment"	0.23473	2
"bacteria"	"SYN_P20_T07"	"SYN_P20"	"semaglutide"	84	"treatment"	0.15869	2
"bacteria"	"SYN_P20_T08"	"SYN_P20"	"semaglutide"	112	"followup"	0.16598	2
"bacteria"	"SYN_P20_T09"	"SYN_P20"	"semaglutide"	140	"followup"	0.14036	2
"bacteria"	"SYN_P20_T10"	"SYN_P20"	"semaglutide"	168	"followup"	0.11579	2
"bacteria"	"SYN_P21_T01"	"SYN_P21"	"semaglutide"	-14	"baseline"	0.14878	2
"bacteria"	"SYN_P21_T02"	"SYN_P21"	"semaglutide"	-7	"baseline"	0.14878	2
"bacteria"	"SYN_P21_T03"	"SYN_P21"	"semaglutide"	0	"treatment"	0.19033	2
"bacteria"	"SYN_P21_T04"	"SYN_P21"	"semaglutide"	14	"treatment"	0.25723	2
"bacteria"	"SYN_P21_T05"	"SYN_P21"	"semaglutide"	28	"treatment"	0.33056	2
"bacteria"	"SYN_P21_T06"	"SYN_P21"	"semaglutide"	56	"treatment"	0.2469	2
"bacteria"	"SYN_P21_T07"	"SYN_P21"	"semaglutide"	84	"treatment"	0.30618	2
"bacteria"	"SYN_P21_T08"	"SYN_P21"	"semaglutide"	112	"followup"	0.17337	2
"bacteria"	"SYN_P21_T09"	"SYN_P21"	"semaglutide"	140	"followup"	0.15994	2
"bacteria"	"SYN_P21_T10"	"SYN_P21"	"semaglutide"	168	"followup"	0.13056	2
"bacteria"	"SYN_P22_T01"	"SYN_P22"	"semaglutide"	-14	"baseline"	0.08684	2
"bacteria"	"SYN_P22_T02"	"SYN_P22"	"semaglutide"	-7	"baseline"	0.08684	2
"bacteria"	"SYN_P22_T03"	"SYN_P22"	"semaglutide"	0	"treatment"	0.17409	2
"bacteria"	"SYN_P22_T04"	"SYN_P22"	"semaglutide"	14	"treatment"	0.14307	2
"bacteria"	"SYN_P22_T05"	"SYN_P22"	"semaglutide"	28	"treatment"	0.15746	2
"bacteria"	"SYN_P22_T06"	"SYN_P22"	"semaglutide"	56	"treatment"	0.1685	2
"bacteria"	"SYN_P22_T07"	"SYN_P22"	"semaglutide"	84	"treatment"	0.22834	2
"bacteria"	"SYN_P22_T08"	"SYN_P22"	"semaglutide"	112	"followup"	0.09855	2
"bacteria"	"SYN_P22_T09"	"SYN_P22"	"semaglutide"	140	"followup"	0.1656	2
"bacteria"	"SYN_P22_T10"	"SYN_P22"	"semaglutide"	168	"followup"	0.13522	2
"bacteria"	"SYN_P23_T01"	"SYN_P23"	"semaglutide"	-14	"baseline"	0.13468	2
"bacteria"	"SYN_P23_T02"	"SYN_P23"	"semaglutide"	-7	"baseline"	0.13468	2
"bacteria"	"SYN_P23_T03"	"SYN_P23"	"semaglutide"	0	"treatment"	0.23713	2
"bacteria"	"SYN_P23_T04"	"SYN_P23"	"semaglutide"	14	"treatment"	0.20112	2
"bacteria"	"SYN_P23_T05"	"SYN_P23"	"semaglutide"	28	"treatment"	0.18274	2
"bacteria"	"SYN_P23_T06"	"SYN_P23"	"semaglutide"	56	"treatment"	0.15531	2
"bacteria"	"SYN_P23_T07"	"SYN_P23"	"semaglutide"	84	"treatment"	0.24257	2
"bacteria"	"SYN_P23_T08"	"SYN_P23"	"semaglutide"	112	"followup"	0.10176	2
"bacteria"	"SYN_P23_T09"	"SYN_P23"	"semaglutide"	140	"followup"	0.12178	2
"bacteria"	"SYN_P23_T10"	"SYN_P23"	"semaglutide"	168	"followup"	0.11074	2
"bacteria"	"SYN_P24_T01"	"SYN_P24"	"semaglutide"	-14	"baseline"	0.15552	2
"bacteria"	"SYN_P24_T02"	"SYN_P24"	"semaglutide"	-7	"baseline"	0.15552	2
"bacteria"	"SYN_P24_T03"	"SYN_P24"	"semaglutide"	0	"treatment"	0.15533	2
"bacteria"	"SYN_P24_T04"	"SYN_P24"	"semaglutide"	14	"treatment"	0.22547	2
"bacteria"	"SYN_P24_T05"	"SYN_P24"	"semaglutide"	28	"treatment"	0.10468	2
"bacteria"	"SYN_P24_T06"	"SYN_P24"	"semaglutide"	56	"treatment"	0.27275	2
"bacteria"	"SYN_P24_T07"	"SYN_P24"	"semaglutide"	84	"treatment"	0.29654	2
"bacteria"	"SYN_P24_T08"	"SYN_P24"	"semaglutide"	112	"followup"	0.23177	2
"bacteria"	"SYN_P24_T09"	"SYN_P24"	"semaglutide"	140	"followup"	0.1348	2
"bacteria"	"SYN_P24_T10"	"SYN_P24"	"semaglutide"	168	"followup"	0.07192	2
"bacteria"	"SYN_P25_T01"	"SYN_P25"	"semaglutide"	-14	"baseline"	0.15556	2
"bacteria"	"SYN_P25_T02"	"SYN_P25"	"semaglutide"	-7	"baseline"	0.15556	2
"bacteria"	"SYN_P25_T03"	"SYN_P25"	"semaglutide"	0	"treatment"	0.27185	2
"bacteria"	"SYN_P25_T04"	"SYN_P25"	"semaglutide"	14	"treatment"	0.16591	2
"bacteria"	"SYN_P25_T05"	"SYN_P25"	"semaglutide"	28	"treatment"	0.1907	2
"bacteria"	"SYN_P25_T06"	"SYN_P25"	"semaglutide"	56	"treatment"	0.22175	2
"bacteria"	"SYN_P25_T07"	"SYN_P25"	"semaglutide"	84	"treatment"	0.19187	2
"bacteria"	"SYN_P25_T08"	"SYN_P25"	"semaglutide"	112	"followup"	0.1637	2
"bacteria"	"SYN_P25_T09"	"SYN_P25"	"semaglutide"	140	"followup"	0.12745	2
"bacteria"	"SYN_P25_T10"	"SYN_P25"	"semaglutide"	168	"followup"	0.14226	2
"bacteria"	"SYN_P26_T01"	"SYN_P26"	"semaglutide"	-14	"baseline"	0.16332	2
"bacteria"	"SYN_P26_T02"	"SYN_P26"	"semaglutide"	-7	"baseline"	0.16332	2
"bacteria"	"SYN_P26_T03"	"SYN_P26"	"semaglutide"	0	"treatment"	0.25961	2
"bacteria"	"SYN_P26_T04"	"SYN_P26"	"semaglutide"	14	"treatment"	0.2049	2
"bacteria"	"SYN_P26_T05"	"SYN_P26"	"semaglutide"	28	"treatment"	0.24462	2
"bacteria"	"SYN_P26_T06"	"SYN_P26"	"semaglutide"	56	"treatment"	0.23151	2
"bacteria"	"SYN_P26_T07"	"SYN_P26"	"semaglutide"	84	"treatment"	0.17422	2
"bacteria"	"SYN_P26_T08"	"SYN_P26"	"semaglutide"	112	"followup"	0.13116	2
"bacteria"	"SYN_P26_T09"	"SYN_P26"	"semaglutide"	140	"followup"	0.14149	2
"bacteria"	"SYN_P26_T10"	"SYN_P26"	"semaglutide"	168	"followup"	0.1432	2
"bacteria"	"SYN_P27_T01"	"SYN_P27"	"semaglutide"	-14	"baseline"	0.20044	2
"bacteria"	"SYN_P27_T02"	"SYN_P27"	"semaglutide"	-7	"baseline"	0.20044	2
"bacteria"	"SYN_P27_T03"	"SYN_P27"	"semaglutide"	0	"treatment"	0.23887	2
"bacteria"	"SYN_P27_T04"	"SYN_P27"	"semaglutide"	14	"treatment"	0.22784	2
"bacteria"	"SYN_P27_T05"	"SYN_P27"	"semaglutide"	28	"treatment"	0.27051	2
"bacteria"	"SYN_P27_T06"	"SYN_P27"	"semaglutide"	56	"treatment"	0.19098	2
"bacteria"	"SYN_P27_T07"	"SYN_P27"	"semaglutide"	84	"treatment"	0.27225	2
"bacteria"	"SYN_P27_T08"	"SYN_P27"	"semaglutide"	112	"followup"	0.18602	2
"bacteria"	"SYN_P27_T09"	"SYN_P27"	"semaglutide"	140	"followup"	0.12802	2
"bacteria"	"SYN_P27_T10"	"SYN_P27"	"semaglutide"	168	"followup"	0.1626	2
"bacteria"	"SYN_P28_T01"	"SYN_P28"	"semaglutide"	-14	"baseline"	0.14452	2
"bacteria"	"SYN_P28_T02"	"SYN_P28"	"semaglutide"	-7	"baseline"	0.14452	2
"bacteria"	"SYN_P28_T03"	"SYN_P28"	"semaglutide"	0	"treatment"	0.18373	2
"bacteria"	"SYN_P28_T04"	"SYN_P28"	"semaglutide"	14	"treatment"	0.17052	2
"bacteria"	"SYN_P28_T05"	"SYN_P28"	"semaglutide"	28	"treatment"	0.16274	2
"bacteria"	"SYN_P28_T06"	"SYN_P28"	"semaglutide"	56	"treatment"	0.16519	2
"bacteria"	"SYN_P28_T07"	"SYN_P28"	"semaglutide"	84	"treatment"	0.15071	2
"bacteria"	"SYN_P28_T08"	"SYN_P28"	"semaglutide"	112	"followup"	0.10164	2
"bacteria"	"SYN_P28_T09"	"SYN_P28"	"semaglutide"	140	"followup"	0.08464	2
"bacteria"	"SYN_P28_T10"	"SYN_P28"	"semaglutide"	168	"followup"	0.16576	2
"bacteria"	"SYN_P29_T01"	"SYN_P29"	"semaglutide"	-14	"baseline"	0.07416	2
"bacteria"	"SYN_P29_T02"	"SYN_P29"	"semaglutide"	-7	"baseline"	0.07416	2
"bacteria"	"SYN_P29_T03"	"SYN_P29"	"semaglutide"	0	"treatment"	0.18956	2
"bacteria"	"SYN_P29_T04"	"SYN_P29"	"semaglutide"	14	"treatment"	0.18399	2
"bacteria"	"SYN_P29_T05"	"SYN_P29"	"semaglutide"	28	"treatment"	0.18248	2
"bacteria"	"SYN_P29_T06"	"SYN_P29"	"semaglutide"	56	"treatment"	0.17714	2
"bacteria"	"SYN_P29_T07"	"SYN_P29"	"semaglutide"	84	"treatment"	0.16684	2
"bacteria"	"SYN_P29_T08"	"SYN_P29"	"semaglutide"	112	"followup"	0.13968	2
"bacteria"	"SYN_P29_T09"	"SYN_P29"	"semaglutide"	140	"followup"	0.12085	2
"bacteria"	"SYN_P29_T10"	"SYN_P29"	"semaglutide"	168	"followup"	0.14118	2
"bacteria"	"SYN_P30_T01"	"SYN_P30"	"semaglutide"	-14	"baseline"	0.11546	2
"bacteria"	"SYN_P30_T02"	"SYN_P30"	"semaglutide"	-7	"baseline"	0.11546	2
"bacteria"	"SYN_P30_T03"	"SYN_P30"	"semaglutide"	0	"treatment"	0.19968	2
"bacteria"	"SYN_P30_T04"	"SYN_P30"	"semaglutide"	14	"treatment"	0.21545	2
"bacteria"	"SYN_P30_T05"	"SYN_P30"	"semaglutide"	28	"treatment"	0.26237	2
"bacteria"	"SYN_P30_T06"	"SYN_P30"	"semaglutide"	56	"treatment"	0.2331	2
"bacteria"	"SYN_P30_T07"	"SYN_P30"	"semaglutide"	84	"treatment"	0.22204	2
"bacteria"	"SYN_P30_T08"	"SYN_P30"	"semaglutide"	112	"followup"	0.1677	2
"bacteria"	"SYN_P30_T09"	"SYN_P30"	"semaglutide"	140	"followup"	0.07826	2
"bacteria"	"SYN_P30_T10"	"SYN_P30"	"semaglutide"	168	"followup"	0.10668	2
"bacteria"	"SYN_P31_T01"	"SYN_P31"	"semaglutide"	-14	"baseline"	0.09292	2
"bacteria"	"SYN_P31_T02"	"SYN_P31"	"semaglutide"	-7	"baseline"	0.09292	2
"bacteria"	"SYN_P31_T03"	"SYN_P31"	"semaglutide"	0	"treatment"	0.25815	2
"bacteria"	"SYN_P31_T04"	"SYN_P31"	"semaglutide"	14	"treatment"	0.22695	2
"bacteria"	"SYN_P31_T05"	"SYN_P31"	"semaglutide"	28	"treatment"	0.21639	2
"bacteria"	"SYN_P31_T06"	"SYN_P31"	"semaglutide"	56	"treatment"	0.25791	2
"bacteria"	"SYN_P31_T07"	"SYN_P31"	"semaglutide"	84	"treatment"	0.22921	2
"bacteria"	"SYN_P31_T08"	"SYN_P31"	"semaglutide"	112	"followup"	0.16039	2
"bacteria"	"SYN_P31_T09"	"SYN_P31"	"semaglutide"	140	"followup"	0.13525	2
"bacteria"	"SYN_P31_T10"	"SYN_P31"	"semaglutide"	168	"followup"	0.1326	2
"bacteria"	"SYN_P32_T01"	"SYN_P32"	"semaglutide"	-14	"baseline"	0.1405	2
"bacteria"	"SYN_P32_T02"	"SYN_P32"	"semaglutide"	-7	"baseline"	0.1405	2
"bacteria"	"SYN_P32_T03"	"SYN_P32"	"semaglutide"	0	"treatment"	0.24007	2
"bacteria"	"SYN_P32_T04"	"SYN_P32"	"semaglutide"	14	"treatment"	0.28492	2
"bacteria"	"SYN_P32_T05"	"SYN_P32"	"semaglutide"	28	"treatment"	0.14793	2
"bacteria"	"SYN_P32_T06"	"SYN_P32"	"semaglutide"	56	"treatment"	0.19928	2
"bacteria"	"SYN_P32_T07"	"SYN_P32"	"semaglutide"	84	"treatment"	0.21373	2
"bacteria"	"SYN_P32_T08"	"SYN_P32"	"semaglutide"	112	"followup"	0.07832	2
"bacteria"	"SYN_P32_T09"	"SYN_P32"	"semaglutide"	140	"followup"	0.13446	2
"bacteria"	"SYN_P32_T10"	"SYN_P32"	"semaglutide"	168	"followup"	0.07251	2
"phages"	"SYN_P01_T01"	"SYN_P01"	"comparator"	-14	"baseline"	0.101125	2
"phages"	"SYN_P01_T02"	"SYN_P01"	"comparator"	-7	"baseline"	0.101125	2
"phages"	"SYN_P01_T03"	"SYN_P01"	"comparator"	0	"treatment"	0.10225	2
"phages"	"SYN_P01_T04"	"SYN_P01"	"comparator"	14	"treatment"	0.16025	2
"phages"	"SYN_P01_T05"	"SYN_P01"	"comparator"	28	"treatment"	0.157125	2
"phages"	"SYN_P01_T06"	"SYN_P01"	"comparator"	56	"treatment"	0.2161875	2
"phages"	"SYN_P01_T07"	"SYN_P01"	"comparator"	84	"treatment"	0.1226875	2
"phages"	"SYN_P01_T08"	"SYN_P01"	"comparator"	112	"followup"	0.13175	2
"phages"	"SYN_P01_T09"	"SYN_P01"	"comparator"	140	"followup"	0.14325	2
"phages"	"SYN_P01_T10"	"SYN_P01"	"comparator"	168	"followup"	0.1045	2
"phages"	"SYN_P02_T01"	"SYN_P02"	"comparator"	-14	"baseline"	0.069375	2
"phages"	"SYN_P02_T02"	"SYN_P02"	"comparator"	-7	"baseline"	0.069375	2
"phages"	"SYN_P02_T03"	"SYN_P02"	"comparator"	0	"treatment"	0.135125	2
"phages"	"SYN_P02_T04"	"SYN_P02"	"comparator"	14	"treatment"	0.227375	2
"phages"	"SYN_P02_T05"	"SYN_P02"	"comparator"	28	"treatment"	0.124625	2
"phages"	"SYN_P02_T06"	"SYN_P02"	"comparator"	56	"treatment"	0.144875	2
"phages"	"SYN_P02_T07"	"SYN_P02"	"comparator"	84	"treatment"	0.0713125	2
"phages"	"SYN_P02_T08"	"SYN_P02"	"comparator"	112	"followup"	0.078625	2
"phages"	"SYN_P02_T09"	"SYN_P02"	"comparator"	140	"followup"	0.233625	2
"phages"	"SYN_P02_T10"	"SYN_P02"	"comparator"	168	"followup"	0.1243125	2
"phages"	"SYN_P03_T01"	"SYN_P03"	"comparator"	-14	"baseline"	0.279625	2
"phages"	"SYN_P03_T02"	"SYN_P03"	"comparator"	-7	"baseline"	0.279625	2
"phages"	"SYN_P03_T03"	"SYN_P03"	"comparator"	0	"treatment"	0.1688125	2
"phages"	"SYN_P03_T04"	"SYN_P03"	"comparator"	14	"treatment"	0.2229375	2
"phages"	"SYN_P03_T05"	"SYN_P03"	"comparator"	28	"treatment"	0.107875	2
"phages"	"SYN_P03_T06"	"SYN_P03"	"comparator"	56	"treatment"	0.153125	2
"phages"	"SYN_P03_T07"	"SYN_P03"	"comparator"	84	"treatment"	0.15025	2
"phages"	"SYN_P03_T08"	"SYN_P03"	"comparator"	112	"followup"	0.1448125	2
"phages"	"SYN_P03_T09"	"SYN_P03"	"comparator"	140	"followup"	0.191125	2
"phages"	"SYN_P03_T10"	"SYN_P03"	"comparator"	168	"followup"	0.1308125	2
"phages"	"SYN_P04_T01"	"SYN_P04"	"comparator"	-14	"baseline"	0.0605	2
"phages"	"SYN_P04_T02"	"SYN_P04"	"comparator"	-7	"baseline"	0.0605	2
"phages"	"SYN_P04_T03"	"SYN_P04"	"comparator"	0	"treatment"	0.23175	2
"phages"	"SYN_P04_T04"	"SYN_P04"	"comparator"	14	"treatment"	0.2055625	2
"phages"	"SYN_P04_T05"	"SYN_P04"	"comparator"	28	"treatment"	0.1389375	2
"phages"	"SYN_P04_T06"	"SYN_P04"	"comparator"	56	"treatment"	0.1785625	2
"phages"	"SYN_P04_T07"	"SYN_P04"	"comparator"	84	"treatment"	0.2110625	2
"phages"	"SYN_P04_T08"	"SYN_P04"	"comparator"	112	"followup"	0.083625	2
"phages"	"SYN_P04_T09"	"SYN_P04"	"comparator"	140	"followup"	0.2735625	2
"phages"	"SYN_P04_T10"	"SYN_P04"	"comparator"	168	"followup"	0.1686875	2
"phages"	"SYN_P05_T01"	"SYN_P05"	"comparator"	-14	"baseline"	0.139125	2
"phages"	"SYN_P05_T02"	"SYN_P05"	"comparator"	-7	"baseline"	0.139125	2
"phages"	"SYN_P05_T03"	"SYN_P05"	"comparator"	0	"treatment"	0.147375	2
"phages"	"SYN_P05_T04"	"SYN_P05"	"comparator"	14	"treatment"	0.142	2
"phages"	"SYN_P05_T05"	"SYN_P05"	"comparator"	28	"treatment"	0.301875	2
"phages"	"SYN_P05_T06"	"SYN_P05"	"comparator"	56	"treatment"	0.2086875	2
"phages"	"SYN_P05_T07"	"SYN_P05"	"comparator"	84	"treatment"	0.177125	2
"phages"	"SYN_P05_T08"	"SYN_P05"	"comparator"	112	"followup"	0.27575	2
"phages"	"SYN_P05_T09"	"SYN_P05"	"comparator"	140	"followup"	0.106375	2
"phages"	"SYN_P05_T10"	"SYN_P05"	"comparator"	168	"followup"	0.124875	2
"phages"	"SYN_P06_T01"	"SYN_P06"	"comparator"	-14	"baseline"	0.216125	2
"phages"	"SYN_P06_T02"	"SYN_P06"	"comparator"	-7	"baseline"	0.216125	2
"phages"	"SYN_P06_T03"	"SYN_P06"	"comparator"	0	"treatment"	0.161	2
"phages"	"SYN_P06_T04"	"SYN_P06"	"comparator"	14	"treatment"	0.1379375	2
"phages"	"SYN_P06_T05"	"SYN_P06"	"comparator"	28	"treatment"	0.148	2
"phages"	"SYN_P06_T06"	"SYN_P06"	"comparator"	56	"treatment"	0.1990625	2
"phages"	"SYN_P06_T07"	"SYN_P06"	"comparator"	84	"treatment"	0.14125	2
"phages"	"SYN_P06_T08"	"SYN_P06"	"comparator"	112	"followup"	0.182125	2
"phages"	"SYN_P06_T09"	"SYN_P06"	"comparator"	140	"followup"	0.0621875	2
"phages"	"SYN_P06_T10"	"SYN_P06"	"comparator"	168	"followup"	0.1545625	2
"phages"	"SYN_P07_T01"	"SYN_P07"	"comparator"	-14	"baseline"	0.208875	2
"phages"	"SYN_P07_T02"	"SYN_P07"	"comparator"	-7	"baseline"	0.208875	2
"phages"	"SYN_P07_T03"	"SYN_P07"	"comparator"	0	"treatment"	0.1590625	2
"phages"	"SYN_P07_T04"	"SYN_P07"	"comparator"	14	"treatment"	0.1705625	2
"phages"	"SYN_P07_T05"	"SYN_P07"	"comparator"	28	"treatment"	0.156625	2
"phages"	"SYN_P07_T06"	"SYN_P07"	"comparator"	56	"treatment"	0.103625	2
"phages"	"SYN_P07_T07"	"SYN_P07"	"comparator"	84	"treatment"	0.11225	2
"phages"	"SYN_P07_T08"	"SYN_P07"	"comparator"	112	"followup"	0.1540625	2
"phages"	"SYN_P07_T09"	"SYN_P07"	"comparator"	140	"followup"	0.0799375	2
"phages"	"SYN_P07_T10"	"SYN_P07"	"comparator"	168	"followup"	0.1258125	2
"phages"	"SYN_P08_T01"	"SYN_P08"	"comparator"	-14	"baseline"	0.107625	2
"phages"	"SYN_P08_T02"	"SYN_P08"	"comparator"	-7	"baseline"	0.107625	2
"phages"	"SYN_P08_T03"	"SYN_P08"	"comparator"	0	"treatment"	0.1214375	2
"phages"	"SYN_P08_T04"	"SYN_P08"	"comparator"	14	"treatment"	0.1223125	2
"phages"	"SYN_P08_T05"	"SYN_P08"	"comparator"	28	"treatment"	0.0873125	2
"phages"	"SYN_P08_T06"	"SYN_P08"	"comparator"	56	"treatment"	0.1240625	2
"phages"	"SYN_P08_T07"	"SYN_P08"	"comparator"	84	"treatment"	0.090625	2
"phages"	"SYN_P08_T08"	"SYN_P08"	"comparator"	112	"followup"	0.187125	2
"phages"	"SYN_P08_T09"	"SYN_P08"	"comparator"	140	"followup"	0.1255625	2
"phages"	"SYN_P08_T10"	"SYN_P08"	"comparator"	168	"followup"	0.06975	2
"phages"	"SYN_P09_T01"	"SYN_P09"	"comparator"	-14	"baseline"	0.19225	2
"phages"	"SYN_P09_T02"	"SYN_P09"	"comparator"	-7	"baseline"	0.19225	2
"phages"	"SYN_P09_T03"	"SYN_P09"	"comparator"	0	"treatment"	0.2833125	2
"phages"	"SYN_P09_T04"	"SYN_P09"	"comparator"	14	"treatment"	0.1606875	2
"phages"	"SYN_P09_T05"	"SYN_P09"	"comparator"	28	"treatment"	0.255	2
"phages"	"SYN_P09_T06"	"SYN_P09"	"comparator"	56	"treatment"	0.1539375	2
"phages"	"SYN_P09_T07"	"SYN_P09"	"comparator"	84	"treatment"	0.131625	2
"phages"	"SYN_P09_T08"	"SYN_P09"	"comparator"	112	"followup"	0.215	2
"phages"	"SYN_P09_T09"	"SYN_P09"	"comparator"	140	"followup"	0.1873125	2
"phages"	"SYN_P09_T10"	"SYN_P09"	"comparator"	168	"followup"	0.079375	2
"phages"	"SYN_P10_T01"	"SYN_P10"	"comparator"	-14	"baseline"	0.0975	2
"phages"	"SYN_P10_T02"	"SYN_P10"	"comparator"	-7	"baseline"	0.0975	2
"phages"	"SYN_P10_T03"	"SYN_P10"	"comparator"	0	"treatment"	0.1138125	2
"phages"	"SYN_P10_T04"	"SYN_P10"	"comparator"	14	"treatment"	0.100625	2
"phages"	"SYN_P10_T05"	"SYN_P10"	"comparator"	28	"treatment"	0.1174375	2
"phages"	"SYN_P10_T06"	"SYN_P10"	"comparator"	56	"treatment"	0.1798125	2
"phages"	"SYN_P10_T07"	"SYN_P10"	"comparator"	84	"treatment"	0.141875	2
"phages"	"SYN_P10_T08"	"SYN_P10"	"comparator"	112	"followup"	0.237375	2
"phages"	"SYN_P10_T09"	"SYN_P10"	"comparator"	140	"followup"	0.1593125	2
"phages"	"SYN_P10_T10"	"SYN_P10"	"comparator"	168	"followup"	0.109875	2
"phages"	"SYN_P11_T01"	"SYN_P11"	"comparator"	-14	"baseline"	0.17925	2
"phages"	"SYN_P11_T02"	"SYN_P11"	"comparator"	-7	"baseline"	0.17925	2
"phages"	"SYN_P11_T03"	"SYN_P11"	"comparator"	0	"treatment"	0.16575	2
"phages"	"SYN_P11_T04"	"SYN_P11"	"comparator"	14	"treatment"	0.1089375	2
"phages"	"SYN_P11_T05"	"SYN_P11"	"comparator"	28	"treatment"	0.1904375	2
"phages"	"SYN_P11_T06"	"SYN_P11"	"comparator"	56	"treatment"	0.115	2
"phages"	"SYN_P11_T07"	"SYN_P11"	"comparator"	84	"treatment"	0.167125	2
"phages"	"SYN_P11_T08"	"SYN_P11"	"comparator"	112	"followup"	0.171375	2
"phages"	"SYN_P11_T09"	"SYN_P11"	"comparator"	140	"followup"	0.2525625	2
"phages"	"SYN_P11_T10"	"SYN_P11"	"comparator"	168	"followup"	0.101	2
"phages"	"SYN_P12_T01"	"SYN_P12"	"comparator"	-14	"baseline"	0.175375	2
"phages"	"SYN_P12_T02"	"SYN_P12"	"comparator"	-7	"baseline"	0.175375	2
"phages"	"SYN_P12_T03"	"SYN_P12"	"comparator"	0	"treatment"	0.12	2
"phages"	"SYN_P12_T04"	"SYN_P12"	"comparator"	14	"treatment"	0.1126875	2
"phages"	"SYN_P12_T05"	"SYN_P12"	"comparator"	28	"treatment"	0.069875	2
"phages"	"SYN_P12_T06"	"SYN_P12"	"comparator"	56	"treatment"	0.1140625	2
"phages"	"SYN_P12_T07"	"SYN_P12"	"comparator"	84	"treatment"	0.1496875	2
"phages"	"SYN_P12_T08"	"SYN_P12"	"comparator"	112	"followup"	0.155375	2
"phages"	"SYN_P12_T09"	"SYN_P12"	"comparator"	140	"followup"	0.1276875	2
"phages"	"SYN_P12_T10"	"SYN_P12"	"comparator"	168	"followup"	0.1965	2
"phages"	"SYN_P13_T01"	"SYN_P13"	"comparator"	-14	"baseline"	0.151375	2
"phages"	"SYN_P13_T02"	"SYN_P13"	"comparator"	-7	"baseline"	0.151375	2
"phages"	"SYN_P13_T03"	"SYN_P13"	"comparator"	0	"treatment"	0.1511875	2
"phages"	"SYN_P13_T04"	"SYN_P13"	"comparator"	14	"treatment"	0.1213125	2
"phages"	"SYN_P13_T05"	"SYN_P13"	"comparator"	28	"treatment"	0.09775	2
"phages"	"SYN_P13_T06"	"SYN_P13"	"comparator"	56	"treatment"	0.15525	2
"phages"	"SYN_P13_T07"	"SYN_P13"	"comparator"	84	"treatment"	0.1285	2
"phages"	"SYN_P13_T08"	"SYN_P13"	"comparator"	112	"followup"	0.0706875	2
"phages"	"SYN_P13_T09"	"SYN_P13"	"comparator"	140	"followup"	0.1710625	2
"phages"	"SYN_P13_T10"	"SYN_P13"	"comparator"	168	"followup"	0.1315625	2
"phages"	"SYN_P14_T01"	"SYN_P14"	"comparator"	-14	"baseline"	0.144125	2
"phages"	"SYN_P14_T02"	"SYN_P14"	"comparator"	-7	"baseline"	0.144125	2
"phages"	"SYN_P14_T03"	"SYN_P14"	"comparator"	0	"treatment"	0.1141875	2
"phages"	"SYN_P14_T04"	"SYN_P14"	"comparator"	14	"treatment"	0.1246875	2
"phages"	"SYN_P14_T05"	"SYN_P14"	"comparator"	28	"treatment"	0.082875	2
"phages"	"SYN_P14_T06"	"SYN_P14"	"comparator"	56	"treatment"	0.1111875	2
"phages"	"SYN_P14_T07"	"SYN_P14"	"comparator"	84	"treatment"	0.1269375	2
"phages"	"SYN_P14_T08"	"SYN_P14"	"comparator"	112	"followup"	0.111875	2
"phages"	"SYN_P14_T09"	"SYN_P14"	"comparator"	140	"followup"	0.12	2
"phages"	"SYN_P14_T10"	"SYN_P14"	"comparator"	168	"followup"	0.146	2
"phages"	"SYN_P15_T01"	"SYN_P15"	"comparator"	-14	"baseline"	0.1805	2
"phages"	"SYN_P15_T02"	"SYN_P15"	"comparator"	-7	"baseline"	0.1805	2
"phages"	"SYN_P15_T03"	"SYN_P15"	"comparator"	0	"treatment"	0.18875	2
"phages"	"SYN_P15_T04"	"SYN_P15"	"comparator"	14	"treatment"	0.0973125	2
"phages"	"SYN_P15_T05"	"SYN_P15"	"comparator"	28	"treatment"	0.2085	2
"phages"	"SYN_P15_T06"	"SYN_P15"	"comparator"	56	"treatment"	0.1198125	2
"phages"	"SYN_P15_T07"	"SYN_P15"	"comparator"	84	"treatment"	0.1665	2
"phages"	"SYN_P15_T08"	"SYN_P15"	"comparator"	112	"followup"	0.1845	2
"phages"	"SYN_P15_T09"	"SYN_P15"	"comparator"	140	"followup"	0.1619375	2
"phages"	"SYN_P15_T10"	"SYN_P15"	"comparator"	168	"followup"	0.144625	2
"phages"	"SYN_P16_T01"	"SYN_P16"	"comparator"	-14	"baseline"	0.15325	2
"phages"	"SYN_P16_T02"	"SYN_P16"	"comparator"	-7	"baseline"	0.15325	2
"phages"	"SYN_P16_T03"	"SYN_P16"	"comparator"	0	"treatment"	0.151125	2
"phages"	"SYN_P16_T04"	"SYN_P16"	"comparator"	14	"treatment"	0.1328125	2
"phages"	"SYN_P16_T05"	"SYN_P16"	"comparator"	28	"treatment"	0.0974375	2
"phages"	"SYN_P16_T06"	"SYN_P16"	"comparator"	56	"treatment"	0.1115625	2
"phages"	"SYN_P16_T07"	"SYN_P16"	"comparator"	84	"treatment"	0.2284375	2
"phages"	"SYN_P16_T08"	"SYN_P16"	"comparator"	112	"followup"	0.1394375	2
"phages"	"SYN_P16_T09"	"SYN_P16"	"comparator"	140	"followup"	0.0566875	2
"phages"	"SYN_P16_T10"	"SYN_P16"	"comparator"	168	"followup"	0.151875	2
"phages"	"SYN_P17_T01"	"SYN_P17"	"semaglutide"	-14	"baseline"	0.176625	2
"phages"	"SYN_P17_T02"	"SYN_P17"	"semaglutide"	-7	"baseline"	0.176625	2
"phages"	"SYN_P17_T03"	"SYN_P17"	"semaglutide"	0	"treatment"	0.235125	2
"phages"	"SYN_P17_T04"	"SYN_P17"	"semaglutide"	14	"treatment"	0.2004375	2
"phages"	"SYN_P17_T05"	"SYN_P17"	"semaglutide"	28	"treatment"	0.2245625	2
"phages"	"SYN_P17_T06"	"SYN_P17"	"semaglutide"	56	"treatment"	0.215875	2
"phages"	"SYN_P17_T07"	"SYN_P17"	"semaglutide"	84	"treatment"	0.17325	2
"phages"	"SYN_P17_T08"	"SYN_P17"	"semaglutide"	112	"followup"	0.17575	2
"phages"	"SYN_P17_T09"	"SYN_P17"	"semaglutide"	140	"followup"	0.1385	2
"phages"	"SYN_P17_T10"	"SYN_P17"	"semaglutide"	168	"followup"	0.2515	2
"phages"	"SYN_P18_T01"	"SYN_P18"	"semaglutide"	-14	"baseline"	0.081	2
"phages"	"SYN_P18_T02"	"SYN_P18"	"semaglutide"	-7	"baseline"	0.081	2
"phages"	"SYN_P18_T03"	"SYN_P18"	"semaglutide"	0	"treatment"	0.372125	2
"phages"	"SYN_P18_T04"	"SYN_P18"	"semaglutide"	14	"treatment"	0.1906875	2
"phages"	"SYN_P18_T05"	"SYN_P18"	"semaglutide"	28	"treatment"	0.331875	2
"phages"	"SYN_P18_T06"	"SYN_P18"	"semaglutide"	56	"treatment"	0.27525	2
"phages"	"SYN_P18_T07"	"SYN_P18"	"semaglutide"	84	"treatment"	0.0954375	2
"phages"	"SYN_P18_T08"	"SYN_P18"	"semaglutide"	112	"followup"	0.156125	2
"phages"	"SYN_P18_T09"	"SYN_P18"	"semaglutide"	140	"followup"	0.13125	2
"phages"	"SYN_P18_T10"	"SYN_P18"	"semaglutide"	168	"followup"	0.0771875	2
"phages"	"SYN_P19_T01"	"SYN_P19"	"semaglutide"	-14	"baseline"	0.120375	2
"phages"	"SYN_P19_T02"	"SYN_P19"	"semaglutide"	-7	"baseline"	0.120375	2
"phages"	"SYN_P19_T03"	"SYN_P19"	"semaglutide"	0	"treatment"	0.139125	2
"phages"	"SYN_P19_T04"	"SYN_P19"	"semaglutide"	14	"treatment"	0.1746875	2
"phages"	"SYN_P19_T05"	"SYN_P19"	"semaglutide"	28	"treatment"	0.2225625	2
"phages"	"SYN_P19_T06"	"SYN_P19"	"semaglutide"	56	"treatment"	0.2199375	2
"phages"	"SYN_P19_T07"	"SYN_P19"	"semaglutide"	84	"treatment"	0.170375	2
"phages"	"SYN_P19_T08"	"SYN_P19"	"semaglutide"	112	"followup"	0.26425	2
"phages"	"SYN_P19_T09"	"SYN_P19"	"semaglutide"	140	"followup"	0.2753125	2
"phages"	"SYN_P19_T10"	"SYN_P19"	"semaglutide"	168	"followup"	0.08675	2
"phages"	"SYN_P20_T01"	"SYN_P20"	"semaglutide"	-14	"baseline"	0.104625	2
"phages"	"SYN_P20_T02"	"SYN_P20"	"semaglutide"	-7	"baseline"	0.104625	2
"phages"	"SYN_P20_T03"	"SYN_P20"	"semaglutide"	0	"treatment"	0.2136875	2
"phages"	"SYN_P20_T04"	"SYN_P20"	"semaglutide"	14	"treatment"	0.2116875	2
"phages"	"SYN_P20_T05"	"SYN_P20"	"semaglutide"	28	"treatment"	0.1025625	2
"phages"	"SYN_P20_T06"	"SYN_P20"	"semaglutide"	56	"treatment"	0.133125	2
"phages"	"SYN_P20_T07"	"SYN_P20"	"semaglutide"	84	"treatment"	0.179375	2
"phages"	"SYN_P20_T08"	"SYN_P20"	"semaglutide"	112	"followup"	0.188875	2
"phages"	"SYN_P20_T09"	"SYN_P20"	"semaglutide"	140	"followup"	0.1643125	2
"phages"	"SYN_P20_T10"	"SYN_P20"	"semaglutide"	168	"followup"	0.14875	2
"phages"	"SYN_P21_T01"	"SYN_P21"	"semaglutide"	-14	"baseline"	0.1475	2
"phages"	"SYN_P21_T02"	"SYN_P21"	"semaglutide"	-7	"baseline"	0.1475	2
"phages"	"SYN_P21_T03"	"SYN_P21"	"semaglutide"	0	"treatment"	0.2655625	2
"phages"	"SYN_P21_T04"	"SYN_P21"	"semaglutide"	14	"treatment"	0.30175	2
"phages"	"SYN_P21_T05"	"SYN_P21"	"semaglutide"	28	"treatment"	0.4054375	2
"phages"	"SYN_P21_T06"	"SYN_P21"	"semaglutide"	56	"treatment"	0.2518125	2
"phages"	"SYN_P21_T07"	"SYN_P21"	"semaglutide"	84	"treatment"	0.242125	2
"phages"	"SYN_P21_T08"	"SYN_P21"	"semaglutide"	112	"followup"	0.2759375	2
"phages"	"SYN_P21_T09"	"SYN_P21"	"semaglutide"	140	"followup"	0.21475	2
"phages"	"SYN_P21_T10"	"SYN_P21"	"semaglutide"	168	"followup"	0.3280625	2
"phages"	"SYN_P22_T01"	"SYN_P22"	"semaglutide"	-14	"baseline"	0.21075	2
"phages"	"SYN_P22_T02"	"SYN_P22"	"semaglutide"	-7	"baseline"	0.21075	2
"phages"	"SYN_P22_T03"	"SYN_P22"	"semaglutide"	0	"treatment"	0.3213125	2
"phages"	"SYN_P22_T04"	"SYN_P22"	"semaglutide"	14	"treatment"	0.31175	2
"phages"	"SYN_P22_T05"	"SYN_P22"	"semaglutide"	28	"treatment"	0.18225	2
"phages"	"SYN_P22_T06"	"SYN_P22"	"semaglutide"	56	"treatment"	0.394375	2
"phages"	"SYN_P22_T07"	"SYN_P22"	"semaglutide"	84	"treatment"	0.1701875	2
"phages"	"SYN_P22_T08"	"SYN_P22"	"semaglutide"	112	"followup"	0.357625	2
"phages"	"SYN_P22_T09"	"SYN_P22"	"semaglutide"	140	"followup"	0.182875	2
"phages"	"SYN_P22_T10"	"SYN_P22"	"semaglutide"	168	"followup"	0.175625	2
"phages"	"SYN_P23_T01"	"SYN_P23"	"semaglutide"	-14	"baseline"	0.12825	2
"phages"	"SYN_P23_T02"	"SYN_P23"	"semaglutide"	-7	"baseline"	0.12825	2
"phages"	"SYN_P23_T03"	"SYN_P23"	"semaglutide"	0	"treatment"	0.2293125	2
"phages"	"SYN_P23_T04"	"SYN_P23"	"semaglutide"	14	"treatment"	0.1931875	2
"phages"	"SYN_P23_T05"	"SYN_P23"	"semaglutide"	28	"treatment"	0.19125	2
"phages"	"SYN_P23_T06"	"SYN_P23"	"semaglutide"	56	"treatment"	0.181625	2
"phages"	"SYN_P23_T07"	"SYN_P23"	"semaglutide"	84	"treatment"	0.191125	2
"phages"	"SYN_P23_T08"	"SYN_P23"	"semaglutide"	112	"followup"	0.1	2
"phages"	"SYN_P23_T09"	"SYN_P23"	"semaglutide"	140	"followup"	0.111375	2
"phages"	"SYN_P23_T10"	"SYN_P23"	"semaglutide"	168	"followup"	0.1594375	2
"phages"	"SYN_P24_T01"	"SYN_P24"	"semaglutide"	-14	"baseline"	0.093	2
"phages"	"SYN_P24_T02"	"SYN_P24"	"semaglutide"	-7	"baseline"	0.093	2
"phages"	"SYN_P24_T03"	"SYN_P24"	"semaglutide"	0	"treatment"	0.1585	2
"phages"	"SYN_P24_T04"	"SYN_P24"	"semaglutide"	14	"treatment"	0.1228125	2
"phages"	"SYN_P24_T05"	"SYN_P24"	"semaglutide"	28	"treatment"	0.1846875	2
"phages"	"SYN_P24_T06"	"SYN_P24"	"semaglutide"	56	"treatment"	0.1793125	2
"phages"	"SYN_P24_T07"	"SYN_P24"	"semaglutide"	84	"treatment"	0.192	2
"phages"	"SYN_P24_T08"	"SYN_P24"	"semaglutide"	112	"followup"	0.1244375	2
"phages"	"SYN_P24_T09"	"SYN_P24"	"semaglutide"	140	"followup"	0.229125	2
"phages"	"SYN_P24_T10"	"SYN_P24"	"semaglutide"	168	"followup"	0.146875	2
"phages"	"SYN_P25_T01"	"SYN_P25"	"semaglutide"	-14	"baseline"	0.194625	2
"phages"	"SYN_P25_T02"	"SYN_P25"	"semaglutide"	-7	"baseline"	0.194625	2
"phages"	"SYN_P25_T03"	"SYN_P25"	"semaglutide"	0	"treatment"	0.3591875	2
"phages"	"SYN_P25_T04"	"SYN_P25"	"semaglutide"	14	"treatment"	0.161875	2
"phages"	"SYN_P25_T05"	"SYN_P25"	"semaglutide"	28	"treatment"	0.2516875	2
"phages"	"SYN_P25_T06"	"SYN_P25"	"semaglutide"	56	"treatment"	0.2004375	2
"phages"	"SYN_P25_T07"	"SYN_P25"	"semaglutide"	84	"treatment"	0.251875	2
"phages"	"SYN_P25_T08"	"SYN_P25"	"semaglutide"	112	"followup"	0.2786875	2
"phages"	"SYN_P25_T09"	"SYN_P25"	"semaglutide"	140	"followup"	0.2223125	2
"phages"	"SYN_P25_T10"	"SYN_P25"	"semaglutide"	168	"followup"	0.1368125	2
"phages"	"SYN_P26_T01"	"SYN_P26"	"semaglutide"	-14	"baseline"	0.099625	2
"phages"	"SYN_P26_T02"	"SYN_P26"	"semaglutide"	-7	"baseline"	0.099625	2
"phages"	"SYN_P26_T03"	"SYN_P26"	"semaglutide"	0	"treatment"	0.3313125	2
"phages"	"SYN_P26_T04"	"SYN_P26"	"semaglutide"	14	"treatment"	0.1234375	2
"phages"	"SYN_P26_T05"	"SYN_P26"	"semaglutide"	28	"treatment"	0.396125	2
"phages"	"SYN_P26_T06"	"SYN_P26"	"semaglutide"	56	"treatment"	0.18275	2
"phages"	"SYN_P26_T07"	"SYN_P26"	"semaglutide"	84	"treatment"	0.34875	2
"phages"	"SYN_P26_T08"	"SYN_P26"	"semaglutide"	112	"followup"	0.0870625	2
"phages"	"SYN_P26_T09"	"SYN_P26"	"semaglutide"	140	"followup"	0.284375	2
"phages"	"SYN_P26_T10"	"SYN_P26"	"semaglutide"	168	"followup"	0.083125	2
"phages"	"SYN_P27_T01"	"SYN_P27"	"semaglutide"	-14	"baseline"	0.179125	2
"phages"	"SYN_P27_T02"	"SYN_P27"	"semaglutide"	-7	"baseline"	0.179125	2
"phages"	"SYN_P27_T03"	"SYN_P27"	"semaglutide"	0	"treatment"	0.3700625	2
"phages"	"SYN_P27_T04"	"SYN_P27"	"semaglutide"	14	"treatment"	0.2314375	2
"phages"	"SYN_P27_T05"	"SYN_P27"	"semaglutide"	28	"treatment"	0.2951875	2
"phages"	"SYN_P27_T06"	"SYN_P27"	"semaglutide"	56	"treatment"	0.1538125	2
"phages"	"SYN_P27_T07"	"SYN_P27"	"semaglutide"	84	"treatment"	0.1283125	2
"phages"	"SYN_P27_T08"	"SYN_P27"	"semaglutide"	112	"followup"	0.0926875	2
"phages"	"SYN_P27_T09"	"SYN_P27"	"semaglutide"	140	"followup"	0.2021875	2
"phages"	"SYN_P27_T10"	"SYN_P27"	"semaglutide"	168	"followup"	0.1086875	2
"phages"	"SYN_P28_T01"	"SYN_P28"	"semaglutide"	-14	"baseline"	0.134125	2
"phages"	"SYN_P28_T02"	"SYN_P28"	"semaglutide"	-7	"baseline"	0.134125	2
"phages"	"SYN_P28_T03"	"SYN_P28"	"semaglutide"	0	"treatment"	0.250625	2
"phages"	"SYN_P28_T04"	"SYN_P28"	"semaglutide"	14	"treatment"	0.123125	2
"phages"	"SYN_P28_T05"	"SYN_P28"	"semaglutide"	28	"treatment"	0.1435	2
"phages"	"SYN_P28_T06"	"SYN_P28"	"semaglutide"	56	"treatment"	0.1263125	2
"phages"	"SYN_P28_T07"	"SYN_P28"	"semaglutide"	84	"treatment"	0.2706875	2
"phages"	"SYN_P28_T08"	"SYN_P28"	"semaglutide"	112	"followup"	0.233125	2
"phages"	"SYN_P28_T09"	"SYN_P28"	"semaglutide"	140	"followup"	0.090125	2
"phages"	"SYN_P28_T10"	"SYN_P28"	"semaglutide"	168	"followup"	0.2173125	2
"phages"	"SYN_P29_T01"	"SYN_P29"	"semaglutide"	-14	"baseline"	0.12075	2
"phages"	"SYN_P29_T02"	"SYN_P29"	"semaglutide"	-7	"baseline"	0.12075	2
"phages"	"SYN_P29_T03"	"SYN_P29"	"semaglutide"	0	"treatment"	0.2955	2
"phages"	"SYN_P29_T04"	"SYN_P29"	"semaglutide"	14	"treatment"	0.1873125	2
"phages"	"SYN_P29_T05"	"SYN_P29"	"semaglutide"	28	"treatment"	0.2539375	2
"phages"	"SYN_P29_T06"	"SYN_P29"	"semaglutide"	56	"treatment"	0.198875	2
"phages"	"SYN_P29_T07"	"SYN_P29"	"semaglutide"	84	"treatment"	0.2546875	2
"phages"	"SYN_P29_T08"	"SYN_P29"	"semaglutide"	112	"followup"	0.093125	2
"phages"	"SYN_P29_T09"	"SYN_P29"	"semaglutide"	140	"followup"	0.0980625	2
"phages"	"SYN_P29_T10"	"SYN_P29"	"semaglutide"	168	"followup"	0.0948125	2
"phages"	"SYN_P30_T01"	"SYN_P30"	"semaglutide"	-14	"baseline"	0.1045	2
"phages"	"SYN_P30_T02"	"SYN_P30"	"semaglutide"	-7	"baseline"	0.1045	2
"phages"	"SYN_P30_T03"	"SYN_P30"	"semaglutide"	0	"treatment"	0.17275	2
"phages"	"SYN_P30_T04"	"SYN_P30"	"semaglutide"	14	"treatment"	0.286625	2
"phages"	"SYN_P30_T05"	"SYN_P30"	"semaglutide"	28	"treatment"	0.20475	2
"phages"	"SYN_P30_T06"	"SYN_P30"	"semaglutide"	56	"treatment"	0.224875	2
"phages"	"SYN_P30_T07"	"SYN_P30"	"semaglutide"	84	"treatment"	0.2639375	2
"phages"	"SYN_P30_T08"	"SYN_P30"	"semaglutide"	112	"followup"	0.236625	2
"phages"	"SYN_P30_T09"	"SYN_P30"	"semaglutide"	140	"followup"	0.0825625	2
"phages"	"SYN_P30_T10"	"SYN_P30"	"semaglutide"	168	"followup"	0.2135	2
"phages"	"SYN_P31_T01"	"SYN_P31"	"semaglutide"	-14	"baseline"	0.100875	2
"phages"	"SYN_P31_T02"	"SYN_P31"	"semaglutide"	-7	"baseline"	0.100875	2
"phages"	"SYN_P31_T03"	"SYN_P31"	"semaglutide"	0	"treatment"	0.207625	2
"phages"	"SYN_P31_T04"	"SYN_P31"	"semaglutide"	14	"treatment"	0.149125	2
"phages"	"SYN_P31_T05"	"SYN_P31"	"semaglutide"	28	"treatment"	0.185875	2
"phages"	"SYN_P31_T06"	"SYN_P31"	"semaglutide"	56	"treatment"	0.148	2
"phages"	"SYN_P31_T07"	"SYN_P31"	"semaglutide"	84	"treatment"	0.144375	2
"phages"	"SYN_P31_T08"	"SYN_P31"	"semaglutide"	112	"followup"	0.1409375	2
"phages"	"SYN_P31_T09"	"SYN_P31"	"semaglutide"	140	"followup"	0.1426875	2
"phages"	"SYN_P31_T10"	"SYN_P31"	"semaglutide"	168	"followup"	0.1390625	2
"phages"	"SYN_P32_T01"	"SYN_P32"	"semaglutide"	-14	"baseline"	0.132	2
"phages"	"SYN_P32_T02"	"SYN_P32"	"semaglutide"	-7	"baseline"	0.132	2
"phages"	"SYN_P32_T03"	"SYN_P32"	"semaglutide"	0	"treatment"	0.108375	2
"phages"	"SYN_P32_T04"	"SYN_P32"	"semaglutide"	14	"treatment"	0.125	2
"phages"	"SYN_P32_T05"	"SYN_P32"	"semaglutide"	28	"treatment"	0.2634375	2
"phages"	"SYN_P32_T06"	"SYN_P32"	"semaglutide"	56	"treatment"	0.162875	2
"phages"	"SYN_P32_T07"	"SYN_P32"	"semaglutide"	84	"treatment"	0.1433125	2
"phages"	"SYN_P32_T08"	"SYN_P32"	"semaglutide"	112	"followup"	0.1766875	2
"phages"	"SYN_P32_T09"	"SYN_P32"	"semaglutide"	140	"followup"	0.16025	2
"phages"	"SYN_P32_T10"	"SYN_P32"	"semaglutide"	168	"followup"	0.10925	2
