"modality"	"feature"	"specification"	"term"	"primary_contrast"	"estimate"	"standard_error"	"df"	"ci_lower"	"ci_upper"	"p_value"	"q_value"
"bacteria"	"Bacterium_01"	"primary"	"groupsemaglutide:phasetreatment"	TRUE	1.22860685876869	0.159982928079879	284	0.91370411698268	1.54350960055469	2.59320244325378e-13	1.03728097730151e-11
"bacteria"	"Bacterium_01"	"primary"	"groupsemaglutide:phasefollowup"	TRUE	0.377778218427064	0.174555685196838	284	0.0341911587167045	0.721365278137424	0.0312802638235062	0.269976044125152
"bacteria"	"Bacterium_02"	"primary"	"groupsemaglutide:phasetreatment"	TRUE	-0.904602175824619	0.154325887681135	284	-1.20836986993186	-0.600834481717381	1.26938965885486e-08	2.53877931770972e-07
"bacteria"	"Bacterium_02"	"primary"	"groupsemaglutide:phasefollowup"	TRUE	-0.287815802126657	0.16838334809287	284	-0.619253528776325	0.0436219245230119	0.0884898070484038	0.505656040276593
"bacteria"	"Bacterium_03"	"primary"	"groupsemaglutide:phasetreatment"	TRUE	0.155195498650949	0.148353045888235	284	-0.13681553942172	0.447206536723618	0.296393894297392	0.974838931234864
"bacteria"	"Bacterium_03"	"primary"	"groupsemaglutide:phasefollowup"	TRUE	0.123962460903778	0.16186644341907	284	-0.194647702365422	0.442572624172977	0.444412436962602	0.974838931234864
"bacteria"	"Bacterium_04"	"primary"	"groupsemaglutide:phasetreatment"	TRUE	0.0745812256013537	0.148450748480943	284	-0.217622125580549	0.366784576783256	0.615777538046763	0.974838931234864
"bacteria"	"Bacterium_04"	"primary"	"groupsemaglutide:phasefollowup"	TRUE	0.142312620914171	0.161973045687327	284	-0.176507373159837	0.461132614988179	0.38035055070453	0.974838931234864
"bacteria"	"Bacterium_05"	"primary"	"groupsemaglutide:phasetreatment"	TRUE	-0.0643597198468455	0.152534658342677	284	-0.364601643819619	0.235882204125928	0.673391634741332	0.974838931234864
"bacteria"	"Bacterium_05"	"primary"	"groupsemaglutide:phasefollowup"	TRUE	-0.0545612125638405	0.166428956657034	284	-0.38215200861251	0.273029583484829	0.743278081767275	0.974838931234864
"bacteria"	"Bacterium_06"	"primary"	"groupsemaglutide:phasetreatment"	TRUE	-0.0471301769912411	0.14948152657795	284	-0.341362462465173	0.247102108482691	0.752772279788482	0.974838931234864
"bacteria"	"Bacterium_06"	"primary"	"groupsemaglutide:phasefollowup"	TRUE	-0.0101404462497055	0.163097716795479	284	-0.331174189126884	0.310893296627473	0.950467957953992	0.974838931234864
"bacteria"	"Bacterium_07"	"primary"	"groupsemaglutide:phasetreatment"	TRUE	-0.0164834266493748	0.144184169572823	284	-0.300288648028686	0.267321794729936	0.909063300400565	0.974838931234864
"bacteria"	"Bacterium_07"	"primary"	"groupsemaglutide:phasefollowup"	TRUE	-0.026917065720334	0.15731782644805	284	-0.336573948957094	0.282739817516426	0.864267047793562	0.974838931234864
"bacteria"	"Bacterium_08"	"primary"	"groupsemaglutide:phasetreatment"	TRUE	-0.012238028693655	0.145385682285936	284	-0.298408250215114	0.273932192827804	0.932975566111495	0.974838931234864
"bacteria"	"Bacterium_08"	"primary"	"groupsemaglutide:phasefollowup"	TRUE	-0.00228249808421701	0.158628784294786	284	-0.314519808028113	0.309954811859679	0.988529795843935	0.988529795843935
"bacteria"	"Bacterium_09"	"primary"	"groupsemaglutide:phasetreatment"	TRUE	0.0579348773311062	0.152850558843351	284	-0.242928850073995	0.358798604736207	0.704949144647436	0.974838931234864
"bacteria"	"Bacterium_09"	"primary"	"groupsemaglutide:phasefollowup"	TRUE	0.0189530389412355	0.166773632360942	284	-0.309316200273154	0.347222278155625	0.909599273232419	0.974838931234864
"bacteria"	"Bacterium_10"	"primary"	"groupsemaglutide:phasetreatment"	TRUE	-0.0163826946223265	0.14384230849999	284	-0.29951501302107	0.266749623776417	0.909402742217548	0.974838931234864
"bacteria"	"Bacterium_10"	"primary"	"groupsemaglutide:phasefollowup"	TRUE	-0.0100441752028991	0.156944825437713	284	-0.318966861095894	0.298878510690096	0.949016738234829	0.974838931234864
"bacteria"	"Bacterium_11"	"primary"	"groupsemaglutide:phasetreatment"	TRUE	0.11675825985999	0.147392265036826	284	-0.173361623150102	0.406878142870083	0.428928551744711	0.974838931234864
"bacteria"	"Bacterium_11"	"primary"	"groupsemaglutide:phasefollowup"	TRUE	0.0801468971217654	0.160818145567202	284	-0.236399846808111	0.396693641051642	0.6186091955327	0.974838931234864
"bacteria"	"Bacterium_12"	"primary"	"groupsemaglutide:phasetreatment"	TRUE	-0.571880497584026	1.48473029571954	284	-3.49435257973888	2.35059158457083	0.700396324314934	0.974838931234864
"bacteria"	"Bacterium_12"	"primary"	"groupsemaglutide:phasefollowup"	TRUE	-0.351392036360361	1.6199735635069	284	-3.54007049656746	2.83728642384674	0.828432505657162	0.974838931234864
"bacteria"	"Bacterium_01"	"sensitivity"	"groupsemaglutide:phasetreatment"	TRUE	1.26832319477762	0.187330064941474	282	0.899580465625204	1.63706592393004	7.4383261801384e-11	2.97533047205536e-09
"bacteria"	"Bacterium_01"	"sensitivity"	"groupsemaglutide:phasefollowup"	TRUE	0.503299113098756	0.22847168557463	282	0.0535727282861342	0.953025497911378	0.0284109862176383	0.227287889741106
"bacteria"	"Bacterium_02"	"sensitivity"	"groupsemaglutide:phasetreatment"	TRUE	-0.885221942345445	0.181373622085382	282	-1.24223993849528	-0.52820394619561	1.77187612881829e-06	3.54375225763658e-05
"bacteria"	"Bacterium_02"	"sensitivity"	"groupsemaglutide:phasefollowup"	TRUE	-0.251380159275218	0.221209182270355	282	-0.686810946156278	0.184050627605841	0.256757666521732	0.709022526854115
"bacteria"	"Bacterium_03"	"sensitivity"	"groupsemaglutide:phasetreatment"	TRUE	0.167745131572178	0.173659609221858	282	-0.174088509856479	0.509578773000835	0.334900779408384	0.709022526854115
"bacteria"	"Bacterium_03"	"sensitivity"	"groupsemaglutide:phasefollowup"	TRUE	0.209097338277807	0.211801352343919	282	-0.207814964218167	0.62600964077378	0.324374587181393	0.709022526854115
"bacteria"	"Bacterium_04"	"sensitivity"	"groupsemaglutide:phasetreatment"	TRUE	0.157317020023859	0.17377141739679	282	-0.184736705946908	0.499370745994627	0.366073933058791	0.709022526854115
"bacteria"	"Bacterium_04"	"sensitivity"	"groupsemaglutide:phasefollowup"	TRUE	0.319811909853801	0.211937304196571	282	-0.0973680018868284	0.736991821594431	0.132420124728985	0.662100623644927
"bacteria"	"Bacterium_05"	"sensitivity"	"groupsemaglutide:phasetreatment"	TRUE	-0.0639204713848602	0.178735884521627	282	-0.415746313523801	0.287905370754081	0.720891265683308	0.880924257092617
"bacteria"	"Bacterium_05"	"sensitivity"	"groupsemaglutide:phasefollowup"	TRUE	0.000847334104118849	0.217988226792766	282	-0.42824328568387	0.429937953892108	0.996901328057045	0.996901328057045
"bacteria"	"Bacterium_06"	"sensitivity"	"groupsemaglutide:phasetreatment"	TRUE	-0.0636681213641246	0.17504029246495	282	-0.408219516119307	0.280883273391058	0.716329126944974	0.880924257092617
"bacteria"	"Bacterium_06"	"sensitivity"	"groupsemaglutide:phasefollowup"	TRUE	0.0339191494947909	0.213483644169371	282	-0.386304596250517	0.454142895240099	0.873873940481867	0.970971044979853
"bacteria"	"Bacterium_07"	"sensitivity"	"groupsemaglutide:phasetreatment"	TRUE	0.00130880784323882	0.168682590257673	282	-0.330728010227297	0.333345625913775	0.993814763585904	0.996901328057045
"bacteria"	"Bacterium_07"	"sensitivity"	"groupsemaglutide:phasefollowup"	TRUE	0.0693979737617468	0.205730126573335	282	-0.335563655676782	0.474359603200275	0.736122635816841	0.880924257092617
"bacteria"	"Bacterium_08"	"sensitivity"	"groupsemaglutide:phasetreatment"	TRUE	-0.00451693893157272	0.170199780910643	282	-0.339540213138744	0.330506335275598	0.978846164978102	0.996901328057045
"bacteria"	"Bacterium_08"	"sensitivity"	"groupsemaglutide:phasefollowup"	TRUE	0.0733179518027428	0.207582375905179	282	-0.335289667263282	0.481925570868768	0.724202904239432	0.880924257092617
"bacteria"	"Bacterium_09"	"sensitivity"	"groupsemaglutide:phasetreatment"	TRUE	0.0573245920162486	0.178829612618179	282	-0.294685745623357	0.409334929655855	0.748785618528725	0.880924257092617
"bacteria"	"Bacterium_09"	"sensitivity"	"groupsemaglutide:phasefollowup"	TRUE	0.100451642327766	0.218104801045072	282	-0.328868443605754	0.529771728261287	0.645465011418137	0.880924257092617
"bacteria"	"Bacterium_10"	"sensitivity"	"groupsemaglutide:phasetreatment"	TRUE	-0.0335081134268567	0.168963182450069	282	-0.366097252508092	0.299081025654379	0.842940673811761	0.963360770070584
"bacteria"	"Bacterium_10"	"sensitivity"	"groupsemaglutide:phasefollowup"	TRUE	-0.00421098606550648	0.20607420762729	282	-0.409849908745376	0.401427936614363	0.983711357757712	0.996901328057045
"bacteria"	"Bacterium_11"	"sensitivity"	"groupsemaglutide:phasetreatment"	TRUE	0.199156166443436	0.172587642814827	282	-0.140567403552685	0.538879736439556	0.249500881492088	0.709022526854115
"bacteria"	"Bacterium_11"	"sensitivity"	"groupsemaglutide:phasefollowup"	TRUE	0.249050387963714	0.210496395972362	282	-0.165293222880851	0.663393998808279	0.237743217492606	0.709022526854115
"bacteria"	"Bacterium_12"	"sensitivity"	"groupsemaglutide:phasetreatment"	TRUE	-0.937934012200266	1.73134651079386	282	-4.34593708793776	2.47006906353723	0.588427638738843	0.871744649983471
"bacteria"	"Bacterium_12"	"sensitivity"	"groupsemaglutide:phasefollowup"	TRUE	-1.44053554260158	2.11097031110929	282	-5.59579462459339	2.71472353939023	0.495543388938824	0.825905648231374
"phages"	"Phage_01"	"primary"	"groupsemaglutide:phasetreatment"	TRUE	0.935628739866758	0.227449150234094	284	0.487928714087434	1.38332876564608	5.10754682124978e-05	0.000681006242833304
"phages"	"Phage_01"	"primary"	"groupsemaglutide:phasefollowup"	TRUE	0.475760012823027	0.248167368500266	284	-0.012720762597791	0.964240788243845	0.0562292608902814	0.374861739268542
"phages"	"Phage_02"	"primary"	"groupsemaglutide:phasetreatment"	TRUE	-0.486850001976131	0.228201313493107	284	-0.93603054992977	-0.0376694540224931	0.033747005515644	0.269976044125152
"phages"	"Phage_02"	"primary"	"groupsemaglutide:phasefollowup"	TRUE	-0.023809929534578	0.24898804589774	284	-0.513906087082028	0.466286228012872	0.923884420836946	0.974838931234864
"phages"	"Phage_03"	"primary"	"groupsemaglutide:phasetreatment"	TRUE	0.178886119988529	0.231016219172133	284	-0.275835153633986	0.633607393611043	0.439371300566958	0.974838931234864
"phages"	"Phage_03"	"primary"	"groupsemaglutide:phasefollowup"	TRUE	0.167821744043228	0.252059359790192	284	-0.328319840833415	0.663963328919871	0.506077774501597	0.974838931234864
"phages"	"Phage_04"	"primary"	"groupsemaglutide:phasetreatment"	TRUE	0.0495134372202593	0.224451320536391	284	-0.392285804003211	0.49131267844373	0.82556422057998	0.974838931234864
"phages"	"Phage_04"	"primary"	"groupsemaglutide:phasefollowup"	TRUE	0.0814213655063727	0.244896468140669	284	-0.400621126131867	0.563463857144612	0.739777692841165	0.974838931234864
"phages"	"Phage_05"	"primary"	"groupsemaglutide:phasetreatment"	TRUE	0.104387724728827	0.226708605890907	284	-0.341854648994228	0.550630098451882	0.645546410289886	0.974838931234864
"phages"	"Phage_05"	"primary"	"groupsemaglutide:phasefollowup"	TRUE	0.105610225307188	0.247359368379284	284	-0.381280121331543	0.592500571945919	0.66973881156717	0.974838931234864
"phages"	"Phage_06"	"primary"	"groupsemaglutide:phasetreatment"	TRUE	0.04502630751445	0.227698547442666	284	-0.403164619798655	0.493217234827555	0.843385841140298	0.974838931234864
"phages"	"Phage_06"	"primary"	"groupsemaglutide:phasefollowup"	TRUE	0.134588921487655	0.248439483163692	284	-0.354427471418238	0.623605314393549	0.588424278715957	0.974838931234864
"phages"	"Phage_07"	"primary"	"groupsemaglutide:phasetreatment"	TRUE	0.0450583253862433	0.233590477996806	284	-0.414729996149983	0.50484664692247	0.847179439597788	0.974838931234864
"phages"	"Phage_07"	"primary"	"groupsemaglutide:phasefollowup"	TRUE	0.181155494232274	0.2548681064384	284	-0.320514693171643	0.682825681636191	0.477803051096438	0.974838931234864
"phages"	"Phage_08"	"primary"	"groupsemaglutide:phasetreatment"	TRUE	-0.871650652728934	1.51417911387529	284	-3.85208837966166	2.10878707420379	0.565301618048241	0.974838931234864
"phages"	"Phage_08"	"primary"	"groupsemaglutide:phasefollowup"	TRUE	-1.12254783386517	1.65210485834635	284	-4.37447199762024	2.12937632988991	0.49739652730362	0.974838931234864
"phages"	"Phage_01"	"sensitivity"	"groupsemaglutide:phasetreatment"	TRUE	0.707708336647337	0.265795499320348	282	0.184513312685562	1.23090336060911	0.00819921241972879	0.0819921241972879
"phages"	"Phage_01"	"sensitivity"	"groupsemaglutide:phasefollowup"	TRUE	0.164959067089417	0.324170821787745	282	-0.473142636312766	0.8030607704916	0.61124500590457	0.873207151292243
"phages"	"Phage_02"	"sensitivity"	"groupsemaglutide:phasetreatment"	TRUE	-0.792552277295568	0.265722496614657	282	-1.31560360186269	-0.269500952728444	0.00310762461151474	0.0414349948201966
"phages"	"Phage_02"	"sensitivity"	"groupsemaglutide:phasefollowup"	TRUE	-0.514849479028477	0.324081340296593	282	-1.1527750459986	0.123076087941648	0.113261570533457	0.662100623644927
"phages"	"Phage_03"	"sensitivity"	"groupsemaglutide:phasetreatment"	TRUE	-0.152168887052146	0.268720555072002	282	-0.681121625565106	0.376783851460814	0.571659353109016	0.871744649983471
"phages"	"Phage_03"	"sensitivity"	"groupsemaglutide:phasefollowup"	TRUE	-0.303333199565995	0.327731626610506	282	-0.948444033556662	0.341777634424671	0.355469364812302	0.709022526854115
"phages"	"Phage_04"	"sensitivity"	"groupsemaglutide:phasetreatment"	TRUE	-0.322220049788901	0.259715714443787	282	-0.833447552847169	0.189007453269367	0.215760916264013	0.709022526854115
"phages"	"Phage_04"	"sensitivity"	"groupsemaglutide:phasefollowup"	TRUE	-0.496595156753715	0.316735030562003	282	-1.12006016021751	0.126869846710077	0.11803595241786	0.662100623644927
"phages"	"Phage_05"	"sensitivity"	"groupsemaglutide:phasetreatment"	TRUE	-0.25941367963821	0.263166004509489	282	-0.777432774721985	0.258605415445565	0.325104916922495	0.709022526854115
"phages"	"Phage_05"	"sensitivity"	"groupsemaglutide:phasefollowup"	TRUE	-0.439514122294274	0.320965895612534	282	-1.07130721087294	0.192278966284397	0.171979939081909	0.709022526854115
"phages"	"Phage_06"	"sensitivity"	"groupsemaglutide:phasetreatment"	TRUE	-0.281116776901153	0.265187571835696	282	-0.803115149167498	0.240881595365191	0.290020893584171	0.709022526854115
"phages"	"Phage_06"	"sensitivity"	"groupsemaglutide:phasefollowup"	TRUE	-0.30857740404118	0.323430236179001	282	-0.945221329917772	0.328066521835411	0.340861678975337	0.709022526854115
"phages"	"Phage_07"	"sensitivity"	"groupsemaglutide:phasetreatment"	TRUE	-0.21014044382377	0.27273889269821	282	-0.74700292594039	0.32672203829285	0.441658952383831	0.803016277061511
"phages"	"Phage_07"	"sensitivity"	"groupsemaglutide:phasefollowup"	TRUE	-0.184968400372696	0.332638704829666	282	-0.839738385526647	0.469801584781256	0.578608050333864	0.871744649983471
"phages"	"Phage_08"	"sensitivity"	"groupsemaglutide:phasetreatment"	TRUE	1.2025366445004	1.75406566457321	282	-2.25018708390568	4.65526037290649	0.493546829560205	0.825905648231374
"phages"	"Phage_08"	"sensitivity"	"groupsemaglutide:phasefollowup"	TRUE	1.91143933998724	2.13875871721169	282	-2.29851877127248	6.12139745124696	0.37223682659841	0.709022526854115
