"modality"	"feature"	"prevalence"	"status"
"bacteria"	"Bacterium_01"	1	"modeled"
"bacteria"	"Bacterium_02"	1	"modeled"
"bacteria"	"Bacterium_03"	1	"modeled"
"bacteria"	"Bacterium_04"	1	"modeled"
"bacteria"	"Bacterium_05"	1	"modeled"
"bacteria"	"Bacterium_06"	1	"modeled"
"bacteria"	"Bacterium_07"	1	"modeled"
"bacteria"	"Bacterium_08"	1	"modeled"
"bacteria"	"Bacterium_09"	1	"modeled"
"bacteria"	"Bacterium_10"	1	"modeled"
"bacteria"	"Bacterium_11"	1	"modeled"
"bacteria"	"Bacterium_12"	0.359375	"modeled"
"phages"	"Phage_01"	1	"modeled"
"phages"	"Phage_02"	1	"modeled"
"phages"	"Phage_03"	1	"modeled"
"phages"	"Phage_04"	1	"modeled"
"phages"	"Phage_05"	1	"modeled"
"phages"	"Phage_06"	1	"modeled"
"phages"	"Phage_07"	1	"modeled"
"phages"	"Phage_08"	0.41875	"modeled"
