"sample_id"	"participant_id"	"time"	"phase"	"group"	"age_baseline"	"bmi_baseline"	"metformin_baseline"	"exposure_on"	"weight_change_pct"	"fiber_change_g_day"	"body_site"	"assay"	"synthetic"	"time_scaled"
"SYN_P01_T01"	"SYN_P01"	-14	"baseline"	"comparator"	37	35.1	"no"	0	0	0	"stool"	"bulk_shotgun"	TRUE	-2
"SYN_P01_T02"	"SYN_P01"	-7	"baseline"	"comparator"	37	35.1	"no"	0	0	0	"stool"	"bulk_shotgun"	TRUE	-1
"SYN_P01_T03"	"SYN_P01"	0	"treatment"	"comparator"	37	35.1	"no"	0	0.428	-2.085	"stool"	"bulk_shotgun"	TRUE	0
"SYN_P01_T04"	"SYN_P01"	14	"treatment"	"comparator"	37	35.1	"no"	0	0.279	-2.884	"stool"	"bulk_shotgun"	TRUE	2
"SYN_P01_T05"	"SYN_P01"	28	"treatment"	"comparator"	37	35.1	"no"	0	0.505	-0.516	"stool"	"bulk_shotgun"	TRUE	4
"SYN_P01_T06"	"SYN_P01"	56	"treatment"	"comparator"	37	35.1	"no"	0	0.469	-0.597	"stool"	"bulk_shotgun"	TRUE	8
"SYN_P01_T07"	"SYN_P01"	84	"treatment"	"comparator"	37	35.1	"no"	0	-0.646	-0.041	"stool"	"bulk_shotgun"	TRUE	12
"SYN_P01_T08"	"SYN_P01"	112	"followup"	"comparator"	37	35.1	"no"	0	0.073	-0.281	"stool"	"bulk_shotgun"	TRUE	16
"SYN_P01_T09"	"SYN_P01"	140	"followup"	"comparator"	37	35.1	"no"	0	-0.089	-2.238	"stool"	"bulk_shotgun"	TRUE	20
"SYN_P01_T10"	"SYN_P01"	168	"followup"	"comparator"	37	35.1	"no"	0	-0.969	-0.118	"stool"	"bulk_shotgun"	TRUE	24
"SYN_P02_T01"	"SYN_P02"	-14	"baseline"	"comparator"	64	28.9	"no"	0	0	0	"stool"	"bulk_shotgun"	TRUE	-2
"SYN_P02_T02"	"SYN_P02"	-7	"baseline"	"comparator"	64	28.9	"no"	0	0	0	"stool"	"bulk_shotgun"	TRUE	-1
"SYN_P02_T03"	"SYN_P02"	0	"treatment"	"comparator"	64	28.9	"no"	0	-2.449	-3.826	"stool"	"bulk_shotgun"	TRUE	0
"SYN_P02_T04"	"SYN_P02"	14	"treatment"	"comparator"	64	28.9	"no"	0	1.326	-3.27	"stool"	"bulk_shotgun"	TRUE	2
"SYN_P02_T05"	"SYN_P02"	28	"treatment"	"comparator"	64	28.9	"no"	0	-0.067	-2.881	"stool"	"bulk_shotgun"	TRUE	4
"SYN_P02_T06"	"SYN_P02"	56	"treatment"	"comparator"	64	28.9	"no"	0	0.273	0.951	"stool"	"bulk_shotgun"	TRUE	8
"SYN_P02_T07"	"SYN_P02"	84	"treatment"	"comparator"	64	28.9	"no"	0	0.146	-0.896	"stool"	"bulk_shotgun"	TRUE	12
"SYN_P02_T08"	"SYN_P02"	112	"followup"	"comparator"	64	28.9	"no"	0	0.595	-0.095	"stool"	"bulk_shotgun"	TRUE	16
"SYN_P02_T09"	"SYN_P02"	140	"followup"	"comparator"	64	28.9	"no"	0	-0.831	-3.318	"stool"	"bulk_shotgun"	TRUE	20
"SYN_P02_T10"	"SYN_P02"	168	"followup"	"comparator"	64	28.9	"no"	0	1.129	2.992	"stool"	"bulk_shotgun"	TRUE	24
"SYN_P03_T01"	"SYN_P03"	-14	"baseline"	"comparator"	62	34.6	"yes"	0	0	0	"stool"	"bulk_shotgun"	TRUE	-2
"SYN_P03_T02"	"SYN_P03"	-7	"baseline"	"comparator"	62	34.6	"yes"	0	0	0	"stool"	"bulk_shotgun"	TRUE	-1
"SYN_P03_T03"	"SYN_P03"	0	"treatment"	"comparator"	62	34.6	"yes"	0	-0.553	-0.854	"stool"	"bulk_shotgun"	TRUE	0
"SYN_P03_T04"	"SYN_P03"	14	"treatment"	"comparator"	62	34.6	"yes"	0	-0.001	0.996	"stool"	"bulk_shotgun"	TRUE	2
"SYN_P03_T05"	"SYN_P03"	28	"treatment"	"comparator"	62	34.6	"yes"	0	2.143	-1.651	"stool"	"bulk_shotgun"	TRUE	4
"SYN_P03_T06"	"SYN_P03"	56	"treatment"	"comparator"	62	34.6	"yes"	0	0.668	0.276	"stool"	"bulk_shotgun"	TRUE	8
"SYN_P03_T07"	"SYN_P03"	84	"treatment"	"comparator"	62	34.6	"yes"	0	-0.325	-0.422	"stool"	"bulk_shotgun"	TRUE	12
"SYN_P03_T08"	"SYN_P03"	112	"followup"	"comparator"	62	34.6	"yes"	0	0.327	0.684	"stool"	"bulk_shotgun"	TRUE	16
"SYN_P03_T09"	"SYN_P03"	140	"followup"	"comparator"	62	34.6	"yes"	0	-0.188	0.144	"stool"	"bulk_shotgun"	TRUE	20
"SYN_P03_T10"	"SYN_P03"	168	"followup"	"comparator"	62	34.6	"yes"	0	0.67	-0.616	"stool"	"bulk_shotgun"	TRUE	24
"SYN_P04_T01"	"SYN_P04"	-14	"baseline"	"comparator"	55	30.5	"no"	0	0	0	"stool"	"bulk_shotgun"	TRUE	-2
"SYN_P04_T02"	"SYN_P04"	-7	"baseline"	"comparator"	55	30.5	"no"	0	0	0	"stool"	"bulk_shotgun"	TRUE	-1
"SYN_P04_T03"	"SYN_P04"	0	"treatment"	"comparator"	55	30.5	"no"	0	-0.515	0.924	"stool"	"bulk_shotgun"	TRUE	0
"SYN_P04_T04"	"SYN_P04"	14	"treatment"	"comparator"	55	30.5	"no"	0	0.056	1.873	"stool"	"bulk_shotgun"	TRUE	2
"SYN_P04_T05"	"SYN_P04"	28	"treatment"	"comparator"	55	30.5	"no"	0	-0.143	-1.121	"stool"	"bulk_shotgun"	TRUE	4
"SYN_P04_T06"	"SYN_P04"	56	"treatment"	"comparator"	55	30.5	"no"	0	-1.175	-1.832	"stool"	"bulk_shotgun"	TRUE	8
"SYN_P04_T07"	"SYN_P04"	84	"treatment"	"comparator"	55	30.5	"no"	0	0.349	-1.025	"stool"	"bulk_shotgun"	TRUE	12
"SYN_P04_T08"	"SYN_P04"	112	"followup"	"comparator"	55	30.5	"no"	0	-1.153	-2.259	"stool"	"bulk_shotgun"	TRUE	16
"SYN_P04_T09"	"SYN_P04"	140	"followup"	"comparator"	55	30.5	"no"	0	0.18	2.187	"stool"	"bulk_shotgun"	TRUE	20
"SYN_P04_T10"	"SYN_P04"	168	"followup"	"comparator"	55	30.5	"no"	0	-0.175	-0.628	"stool"	"bulk_shotgun"	TRUE	24
"SYN_P05_T01"	"SYN_P05"	-14	"baseline"	"comparator"	58	34.8	"no"	0	0	0	"stool"	"bulk_shotgun"	TRUE	-2
"SYN_P05_T02"	"SYN_P05"	-7	"baseline"	"comparator"	58	34.8	"no"	0	0	0	"stool"	"bulk_shotgun"	TRUE	-1
"SYN_P05_T03"	"SYN_P05"	0	"treatment"	"comparator"	58	34.8	"no"	0	-0.049	1.131	"stool"	"bulk_shotgun"	TRUE	0
"SYN_P05_T04"	"SYN_P05"	14	"treatment"	"comparator"	58	34.8	"no"	0	-1.457	-2.627	"stool"	"bulk_shotgun"	TRUE	2
"SYN_P05_T05"	"SYN_P05"	28	"treatment"	"comparator"	58	34.8	"no"	0	-0.309	0.386	"stool"	"bulk_shotgun"	TRUE	4
"SYN_P05_T06"	"SYN_P05"	56	"treatment"	"comparator"	58	34.8	"no"	0	1.344	0.644	"stool"	"bulk_shotgun"	TRUE	8
"SYN_P05_T07"	"SYN_P05"	84	"treatment"	"comparator"	58	34.8	"no"	0	-0.285	-1.044	"stool"	"bulk_shotgun"	TRUE	12
"SYN_P05_T08"	"SYN_P05"	112	"followup"	"comparator"	58	34.8	"no"	0	0.034	-3.478	"stool"	"bulk_shotgun"	TRUE	16
"SYN_P05_T09"	"SYN_P05"	140	"followup"	"comparator"	58	34.8	"no"	0	-1.871	-3.57	"stool"	"bulk_shotgun"	TRUE	20
"SYN_P05_T10"	"SYN_P05"	168	"followup"	"comparator"	58	34.8	"no"	0	-0.426	0.326	"stool"	"bulk_shotgun"	TRUE	24
"SYN_P06_T01"	"SYN_P06"	-14	"baseline"	"comparator"	39	32.7	"yes"	0	0	0	"stool"	"bulk_shotgun"	TRUE	-2
"SYN_P06_T02"	"SYN_P06"	-7	"baseline"	"comparator"	39	32.7	"yes"	0	0	0	"stool"	"bulk_shotgun"	TRUE	-1
"SYN_P06_T03"	"SYN_P06"	0	"treatment"	"comparator"	39	32.7	"yes"	0	0.444	0.807	"stool"	"bulk_shotgun"	TRUE	0
"SYN_P06_T04"	"SYN_P06"	14	"treatment"	"comparator"	39	32.7	"yes"	0	0.122	2.757	"stool"	"bulk_shotgun"	TRUE	2
"SYN_P06_T05"	"SYN_P06"	28	"treatment"	"comparator"	39	32.7	"yes"	0	0.598	-1.46	"stool"	"bulk_shotgun"	TRUE	4
"SYN_P06_T06"	"SYN_P06"	56	"treatment"	"comparator"	39	32.7	"yes"	0	-0.424	-1.213	"stool"	"bulk_shotgun"	TRUE	8
"SYN_P06_T07"	"SYN_P06"	84	"treatment"	"comparator"	39	32.7	"yes"	0	-0.9	1.43	"stool"	"bulk_shotgun"	TRUE	12
"SYN_P06_T08"	"SYN_P06"	112	"followup"	"comparator"	39	32.7	"yes"	0	0.095	0.783	"stool"	"bulk_shotgun"	TRUE	16
"SYN_P06_T09"	"SYN_P06"	140	"followup"	"comparator"	39	32.7	"yes"	0	0.184	-0.573	"stool"	"bulk_shotgun"	TRUE	20
"SYN_P06_T10"	"SYN_P06"	168	"followup"	"comparator"	39	32.7	"yes"	0	0.044	1.643	"stool"	"bulk_shotgun"	TRUE	24
"SYN_P07_T01"	"SYN_P07"	-14	"baseline"	"comparator"	51	31.1	"no"	0	0	0	"stool"	"bulk_shotgun"	TRUE	-2
"SYN_P07_T02"	"SYN_P07"	-7	"baseline"	"comparator"	51	31.1	"no"	0	0	0	"stool"	"bulk_shotgun"	TRUE	-1
"SYN_P07_T03"	"SYN_P07"	0	"treatment"	"comparator"	51	31.1	"no"	0	-1.095	3.069	"stool"	"bulk_shotgun"	TRUE	0
"SYN_P07_T04"	"SYN_P07"	14	"treatment"	"comparator"	51	31.1	"no"	0	-0.353	-0.451	"stool"	"bulk_shotgun"	TRUE	2
"SYN_P07_T05"	"SYN_P07"	28	"treatment"	"comparator"	51	31.1	"no"	0	-0.274	0.548	"stool"	"bulk_shotgun"	TRUE	4
"SYN_P07_T06"	"SYN_P07"	56	"treatment"	"comparator"	51	31.1	"no"	0	0.491	-2.199	"stool"	"bulk_shotgun"	TRUE	8
"SYN_P07_T07"	"SYN_P07"	84	"treatment"	"comparator"	51	31.1	"no"	0	1.608	-0.056	"stool"	"bulk_shotgun"	TRUE	12
"SYN_P07_T08"	"SYN_P07"	112	"followup"	"comparator"	51	31.1	"no"	0	0.038	-3.554	"stool"	"bulk_shotgun"	TRUE	16
"SYN_P07_T09"	"SYN_P07"	140	"followup"	"comparator"	51	31.1	"no"	0	-0.415	-2.602	"stool"	"bulk_shotgun"	TRUE	20
"SYN_P07_T10"	"SYN_P07"	168	"followup"	"comparator"	51	31.1	"no"	0	-1.168	-2.464	"stool"	"bulk_shotgun"	TRUE	24
"SYN_P08_T01"	"SYN_P08"	-14	"baseline"	"comparator"	42	34.6	"no"	0	0	0	"stool"	"bulk_shotgun"	TRUE	-2
"SYN_P08_T02"	"SYN_P08"	-7	"baseline"	"comparator"	42	34.6	"no"	0	0	0	"stool"	"bulk_shotgun"	TRUE	-1
"SYN_P08_T03"	"SYN_P08"	0	"treatment"	"comparator"	42	34.6	"no"	0	-0.388	-0.075	"stool"	"bulk_shotgun"	TRUE	0
"SYN_P08_T04"	"SYN_P08"	14	"treatment"	"comparator"	42	34.6	"no"	0	-0.58	-2.577	"stool"	"bulk_shotgun"	TRUE	2
"SYN_P08_T05"	"SYN_P08"	28	"treatment"	"comparator"	42	34.6	"no"	0	0.135	-0.847	"stool"	"bulk_shotgun"	TRUE	4
"SYN_P08_T06"	"SYN_P08"	56	"treatment"	"comparator"	42	34.6	"no"	0	1.013	-0.477	"stool"	"bulk_shotgun"	TRUE	8
"SYN_P08_T07"	"SYN_P08"	84	"treatment"	"comparator"	42	34.6	"no"	0	-0.332	-0.638	"stool"	"bulk_shotgun"	TRUE	12
"SYN_P08_T08"	"SYN_P08"	112	"followup"	"comparator"	42	34.6	"no"	0	-0.663	0.154	"stool"	"bulk_shotgun"	TRUE	16
"SYN_P08_T09"	"SYN_P08"	140	"followup"	"comparator"	42	34.6	"no"	0	-0.13	-0.895	"stool"	"bulk_shotgun"	TRUE	20
"SYN_P08_T10"	"SYN_P08"	168	"followup"	"comparator"	42	34.6	"no"	0	0.625	-0.838	"stool"	"bulk_shotgun"	TRUE	24
"SYN_P09_T01"	"SYN_P09"	-14	"baseline"	"comparator"	39	30	"yes"	0	0	0	"stool"	"bulk_shotgun"	TRUE	-2
"SYN_P09_T02"	"SYN_P09"	-7	"baseline"	"comparator"	39	30	"yes"	0	0	0	"stool"	"bulk_shotgun"	TRUE	-1
"SYN_P09_T03"	"SYN_P09"	0	"treatment"	"comparator"	39	30	"yes"	0	-0.735	-1.104	"stool"	"bulk_shotgun"	TRUE	0
"SYN_P09_T04"	"SYN_P09"	14	"treatment"	"comparator"	39	30	"yes"	0	-0.514	-1.698	"stool"	"bulk_shotgun"	TRUE	2
"SYN_P09_T05"	"SYN_P09"	28	"treatment"	"comparator"	39	30	"yes"	0	-0.474	-2.775	"stool"	"bulk_shotgun"	TRUE	4
"SYN_P09_T06"	"SYN_P09"	56	"treatment"	"comparator"	39	30	"yes"	0	-0.742	-0.152	"stool"	"bulk_shotgun"	TRUE	8
"SYN_P09_T07"	"SYN_P09"	84	"treatment"	"comparator"	39	30	"yes"	0	1.049	0.393	"stool"	"bulk_shotgun"	TRUE	12
"SYN_P09_T08"	"SYN_P09"	112	"followup"	"comparator"	39	30	"yes"	0	-0.137	2.426	"stool"	"bulk_shotgun"	TRUE	16
"SYN_P09_T09"	"SYN_P09"	140	"followup"	"comparator"	39	30	"yes"	0	-0.601	1.029	"stool"	"bulk_shotgun"	TRUE	20
"SYN_P09_T10"	"SYN_P09"	168	"followup"	"comparator"	39	30	"yes"	0	0.74	0.901	"stool"	"bulk_shotgun"	TRUE	24
"SYN_P10_T01"	"SYN_P10"	-14	"baseline"	"comparator"	52	33.4	"no"	0	0	0	"stool"	"bulk_shotgun"	TRUE	-2
"SYN_P10_T02"	"SYN_P10"	-7	"baseline"	"comparator"	52	33.4	"no"	0	0	0	"stool"	"bulk_shotgun"	TRUE	-1
"SYN_P10_T03"	"SYN_P10"	0	"treatment"	"comparator"	52	33.4	"no"	0	-0.353	0.004	"stool"	"bulk_shotgun"	TRUE	0
"SYN_P10_T04"	"SYN_P10"	14	"treatment"	"comparator"	52	33.4	"no"	0	0.454	-2.014	"stool"	"bulk_shotgun"	TRUE	2
"SYN_P10_T05"	"SYN_P10"	28	"treatment"	"comparator"	52	33.4	"no"	0	-0.309	0.967	"stool"	"bulk_shotgun"	TRUE	4
"SYN_P10_T06"	"SYN_P10"	56	"treatment"	"comparator"	52	33.4	"no"	0	0.542	-0.877	"stool"	"bulk_shotgun"	TRUE	8
"SYN_P10_T07"	"SYN_P10"	84	"treatment"	"comparator"	52	33.4	"no"	0	0.293	-0.783	"stool"	"bulk_shotgun"	TRUE	12
"SYN_P10_T08"	"SYN_P10"	112	"followup"	"comparator"	52	33.4	"no"	0	0.211	-0.983	"stool"	"bulk_shotgun"	TRUE	16
"SYN_P10_T09"	"SYN_P10"	140	"followup"	"comparator"	52	33.4	"no"	0	-1.007	-1.893	"stool"	"bulk_shotgun"	TRUE	20
"SYN_P10_T10"	"SYN_P10"	168	"followup"	"comparator"	52	33.4	"no"	0	-0.581	1.69	"stool"	"bulk_shotgun"	TRUE	24
"SYN_P11_T01"	"SYN_P11"	-14	"baseline"	"comparator"	35	37.9	"no"	0	0	0	"stool"	"bulk_shotgun"	TRUE	-2
"SYN_P11_T02"	"SYN_P11"	-7	"baseline"	"comparator"	35	37.9	"no"	0	0	0	"stool"	"bulk_shotgun"	TRUE	-1
"SYN_P11_T03"	"SYN_P11"	0	"treatment"	"comparator"	35	37.9	"no"	0	1.262	1.92	"stool"	"bulk_shotgun"	TRUE	0
"SYN_P11_T04"	"SYN_P11"	14	"treatment"	"comparator"	35	37.9	"no"	0	-2.266	1.219	"stool"	"bulk_shotgun"	TRUE	2
"SYN_P11_T05"	"SYN_P11"	28	"treatment"	"comparator"	35	37.9	"no"	0	-0.356	1.389	"stool"	"bulk_shotgun"	TRUE	4
"SYN_P11_T06"	"SYN_P11"	56	"treatment"	"comparator"	35	37.9	"no"	0	-0.05	-0.152	"stool"	"bulk_shotgun"	TRUE	8
"SYN_P11_T07"	"SYN_P11"	84	"treatment"	"comparator"	35	37.9	"no"	0	0.144	-3.805	"stool"	"bulk_shotgun"	TRUE	12
"SYN_P11_T08"	"SYN_P11"	112	"followup"	"comparator"	35	37.9	"no"	0	0.276	-0.49	"stool"	"bulk_shotgun"	TRUE	16
"SYN_P11_T09"	"SYN_P11"	140	"followup"	"comparator"	35	37.9	"no"	0	-0.572	2.112	"stool"	"bulk_shotgun"	TRUE	20
"SYN_P11_T10"	"SYN_P11"	168	"followup"	"comparator"	35	37.9	"no"	0	0.311	-1.734	"stool"	"bulk_shotgun"	TRUE	24
"SYN_P12_T01"	"SYN_P12"	-14	"baseline"	"comparator"	37	35.3	"yes"	0	0	0	"stool"	"bulk_shotgun"	TRUE	-2
"SYN_P12_T02"	"SYN_P12"	-7	"baseline"	"comparator"	37	35.3	"yes"	0	0	0	"stool"	"bulk_shotgun"	TRUE	-1
"SYN_P12_T03"	"SYN_P12"	0	"treatment"	"comparator"	37	35.3	"yes"	0	0.795	-0.082	"stool"	"bulk_shotgun"	TRUE	0
"SYN_P12_T04"	"SYN_P12"	14	"treatment"	"comparator"	37	35.3	"yes"	0	-0.191	-0.625	"stool"	"bulk_shotgun"	TRUE	2
"SYN_P12_T05"	"SYN_P12"	28	"treatment"	"comparator"	37	35.3	"yes"	0	-1.365	-0.518	"stool"	"bulk_shotgun"	TRUE	4
"SYN_P12_T06"	"SYN_P12"	56	"treatment"	"comparator"	37	35.3	"yes"	0	0.28	-0.884	"stool"	"bulk_shotgun"	TRUE	8
"SYN_P12_T07"	"SYN_P12"	84	"treatment"	"comparator"	37	35.3	"yes"	0	-1.405	-0.243	"stool"	"bulk_shotgun"	TRUE	12
"SYN_P12_T08"	"SYN_P12"	112	"followup"	"comparator"	37	35.3	"yes"	0	-0.031	-1.868	"stool"	"bulk_shotgun"	TRUE	16
"SYN_P12_T09"	"SYN_P12"	140	"followup"	"comparator"	37	35.3	"yes"	0	-0.453	-0.103	"stool"	"bulk_shotgun"	TRUE	20
"SYN_P12_T10"	"SYN_P12"	168	"followup"	"comparator"	37	35.3	"yes"	0	-1.924	1.989	"stool"	"bulk_shotgun"	TRUE	24
"SYN_P13_T01"	"SYN_P13"	-14	"baseline"	"comparator"	59	29.8	"no"	0	0	0	"stool"	"bulk_shotgun"	TRUE	-2
"SYN_P13_T02"	"SYN_P13"	-7	"baseline"	"comparator"	59	29.8	"no"	0	0	0	"stool"	"bulk_shotgun"	TRUE	-1
"SYN_P13_T03"	"SYN_P13"	0	"treatment"	"comparator"	59	29.8	"no"	0	-0.033	-2.802	"stool"	"bulk_shotgun"	TRUE	0
"SYN_P13_T04"	"SYN_P13"	14	"treatment"	"comparator"	59	29.8	"no"	0	0.235	-2.214	"stool"	"bulk_shotgun"	TRUE	2
"SYN_P13_T05"	"SYN_P13"	28	"treatment"	"comparator"	59	29.8	"no"	0	-0.577	-1.8	"stool"	"bulk_shotgun"	TRUE	4
"SYN_P13_T06"	"SYN_P13"	56	"treatment"	"comparator"	59	29.8	"no"	0	-0.732	3.556	"stool"	"bulk_shotgun"	TRUE	8
"SYN_P13_T07"	"SYN_P13"	84	"treatment"	"comparator"	59	29.8	"no"	0	-0.271	1.197	"stool"	"bulk_shotgun"	TRUE	12
"SYN_P13_T08"	"SYN_P13"	112	"followup"	"comparator"	59	29.8	"no"	0	-0.07	-1.806	"stool"	"bulk_shotgun"	TRUE	16
"SYN_P13_T09"	"SYN_P13"	140	"followup"	"comparator"	59	29.8	"no"	0	-0.139	-1.749	"stool"	"bulk_shotgun"	TRUE	20
"SYN_P13_T10"	"SYN_P13"	168	"followup"	"comparator"	59	29.8	"no"	0	-0.111	0.753	"stool"	"bulk_shotgun"	TRUE	24
"SYN_P14_T01"	"SYN_P14"	-14	"baseline"	"comparator"	51	30.1	"no"	0	0	0	"stool"	"bulk_shotgun"	TRUE	-2
"SYN_P14_T02"	"SYN_P14"	-7	"baseline"	"comparator"	51	30.1	"no"	0	0	0	"stool"	"bulk_shotgun"	TRUE	-1
"SYN_P14_T03"	"SYN_P14"	0	"treatment"	"comparator"	51	30.1	"no"	0	-0.742	-0.024	"stool"	"bulk_shotgun"	TRUE	0
"SYN_P14_T04"	"SYN_P14"	14	"treatment"	"comparator"	51	30.1	"no"	0	0.539	-0.027	"stool"	"bulk_shotgun"	TRUE	2
"SYN_P14_T05"	"SYN_P14"	28	"treatment"	"comparator"	51	30.1	"no"	0	-0.523	0.049	"stool"	"bulk_shotgun"	TRUE	4
"SYN_P14_T06"	"SYN_P14"	56	"treatment"	"comparator"	51	30.1	"no"	0	0.233	0.064	"stool"	"bulk_shotgun"	TRUE	8
"SYN_P14_T07"	"SYN_P14"	84	"treatment"	"comparator"	51	30.1	"no"	0	0.137	-2.332	"stool"	"bulk_shotgun"	TRUE	12
"SYN_P14_T08"	"SYN_P14"	112	"followup"	"comparator"	51	30.1	"no"	0	0.664	-1.939	"stool"	"bulk_shotgun"	TRUE	16
"SYN_P14_T09"	"SYN_P14"	140	"followup"	"comparator"	51	30.1	"no"	0	0.211	2.599	"stool"	"bulk_shotgun"	TRUE	20
"SYN_P14_T10"	"SYN_P14"	168	"followup"	"comparator"	51	30.1	"no"	0	-0.764	0.648	"stool"	"bulk_shotgun"	TRUE	24
"SYN_P15_T01"	"SYN_P15"	-14	"baseline"	"comparator"	56	36.5	"yes"	0	0	0	"stool"	"bulk_shotgun"	TRUE	-2
"SYN_P15_T02"	"SYN_P15"	-7	"baseline"	"comparator"	56	36.5	"yes"	0	0	0	"stool"	"bulk_shotgun"	TRUE	-1
"SYN_P15_T03"	"SYN_P15"	0	"treatment"	"comparator"	56	36.5	"yes"	0	0.373	-0.938	"stool"	"bulk_shotgun"	TRUE	0
"SYN_P15_T04"	"SYN_P15"	14	"treatment"	"comparator"	56	36.5	"yes"	0	0.348	-2.394	"stool"	"bulk_shotgun"	TRUE	2
"SYN_P15_T05"	"SYN_P15"	28	"treatment"	"comparator"	56	36.5	"yes"	0	-0.55	1.029	"stool"	"bulk_shotgun"	TRUE	4
"SYN_P15_T06"	"SYN_P15"	56	"treatment"	"comparator"	56	36.5	"yes"	0	-0.038	-0.24	"stool"	"bulk_shotgun"	TRUE	8
"SYN_P15_T07"	"SYN_P15"	84	"treatment"	"comparator"	56	36.5	"yes"	0	0.643	-0.286	"stool"	"bulk_shotgun"	TRUE	12
"SYN_P15_T08"	"SYN_P15"	112	"followup"	"comparator"	56	36.5	"yes"	0	0.678	-1.395	"stool"	"bulk_shotgun"	TRUE	16
"SYN_P15_T09"	"SYN_P15"	140	"followup"	"comparator"	56	36.5	"yes"	0	-0.294	2.695	"stool"	"bulk_shotgun"	TRUE	20
"SYN_P15_T10"	"SYN_P15"	168	"followup"	"comparator"	56	36.5	"yes"	0	0.397	-0.125	"stool"	"bulk_shotgun"	TRUE	24
"SYN_P16_T01"	"SYN_P16"	-14	"baseline"	"comparator"	33	38.3	"no"	0	0	0	"stool"	"bulk_shotgun"	TRUE	-2
"SYN_P16_T02"	"SYN_P16"	-7	"baseline"	"comparator"	33	38.3	"no"	0	0	0	"stool"	"bulk_shotgun"	TRUE	-1
"SYN_P16_T03"	"SYN_P16"	0	"treatment"	"comparator"	33	38.3	"no"	0	0.271	-0.991	"stool"	"bulk_shotgun"	TRUE	0
"SYN_P16_T04"	"SYN_P16"	14	"treatment"	"comparator"	33	38.3	"no"	0	-0.576	-0.812	"stool"	"bulk_shotgun"	TRUE	2
"SYN_P16_T05"	"SYN_P16"	28	"treatment"	"comparator"	33	38.3	"no"	0	1.124	-2.087	"stool"	"bulk_shotgun"	TRUE	4
"SYN_P16_T06"	"SYN_P16"	56	"treatment"	"comparator"	33	38.3	"no"	0	-0.066	1.282	"stool"	"bulk_shotgun"	TRUE	8
"SYN_P16_T07"	"SYN_P16"	84	"treatment"	"comparator"	33	38.3	"no"	0	-0.396	-0.363	"stool"	"bulk_shotgun"	TRUE	12
"SYN_P16_T08"	"SYN_P16"	112	"followup"	"comparator"	33	38.3	"no"	0	0.765	0.062	"stool"	"bulk_shotgun"	TRUE	16
"SYN_P16_T09"	"SYN_P16"	140	"followup"	"comparator"	33	38.3	"no"	0	-0.984	-0.391	"stool"	"bulk_shotgun"	TRUE	20
"SYN_P16_T10"	"SYN_P16"	168	"followup"	"comparator"	33	38.3	"no"	0	0.172	-1.333	"stool"	"bulk_shotgun"	TRUE	24
"SYN_P17_T01"	"SYN_P17"	-14	"baseline"	"semaglutide"	41	30	"no"	0	0	0	"stool"	"bulk_shotgun"	TRUE	-2
"SYN_P17_T02"	"SYN_P17"	-7	"baseline"	"semaglutide"	41	30	"no"	0	0	0	"stool"	"bulk_shotgun"	TRUE	-1
"SYN_P17_T03"	"SYN_P17"	0	"treatment"	"semaglutide"	41	30	"no"	1	-0.314	2.647	"stool"	"bulk_shotgun"	TRUE	0
"SYN_P17_T04"	"SYN_P17"	14	"treatment"	"semaglutide"	41	30	"no"	1	-2.969	0.671	"stool"	"bulk_shotgun"	TRUE	2
"SYN_P17_T05"	"SYN_P17"	28	"treatment"	"semaglutide"	41	30	"no"	1	-3.34	0.181	"stool"	"bulk_shotgun"	TRUE	4
"SYN_P17_T06"	"SYN_P17"	56	"treatment"	"semaglutide"	41	30	"no"	1	-4.279	2.121	"stool"	"bulk_shotgun"	TRUE	8
"SYN_P17_T07"	"SYN_P17"	84	"treatment"	"semaglutide"	41	30	"no"	1	-3.64	-1.434	"stool"	"bulk_shotgun"	TRUE	12
"SYN_P17_T08"	"SYN_P17"	112	"followup"	"semaglutide"	41	30	"no"	0	-3.185	2.961	"stool"	"bulk_shotgun"	TRUE	16
"SYN_P17_T09"	"SYN_P17"	140	"followup"	"semaglutide"	41	30	"no"	0	-4.923	-0.166	"stool"	"bulk_shotgun"	TRUE	20
"SYN_P17_T10"	"SYN_P17"	168	"followup"	"semaglutide"	41	30	"no"	0	-5.818	-0.302	"stool"	"bulk_shotgun"	TRUE	24
"SYN_P18_T01"	"SYN_P18"	-14	"baseline"	"semaglutide"	62	29	"yes"	0	0	0	"stool"	"bulk_shotgun"	TRUE	-2
"SYN_P18_T02"	"SYN_P18"	-7	"baseline"	"semaglutide"	62	29	"yes"	0	0	0	"stool"	"bulk_shotgun"	TRUE	-1
"SYN_P18_T03"	"SYN_P18"	0	"treatment"	"semaglutide"	62	29	"yes"	1	-0.087	2.805	"stool"	"bulk_shotgun"	TRUE	0
"SYN_P18_T04"	"SYN_P18"	14	"treatment"	"semaglutide"	62	29	"yes"	1	-1.303	1.998	"stool"	"bulk_shotgun"	TRUE	2
"SYN_P18_T05"	"SYN_P18"	28	"treatment"	"semaglutide"	62	29	"yes"	1	-3.845	2.296	"stool"	"bulk_shotgun"	TRUE	4
"SYN_P18_T06"	"SYN_P18"	56	"treatment"	"semaglutide"	62	29	"yes"	1	-3.923	1.492	"stool"	"bulk_shotgun"	TRUE	8
"SYN_P18_T07"	"SYN_P18"	84	"treatment"	"semaglutide"	62	29	"yes"	1	-5.52	1.412	"stool"	"bulk_shotgun"	TRUE	12
"SYN_P18_T08"	"SYN_P18"	112	"followup"	"semaglutide"	62	29	"yes"	0	-5.098	2.109	"stool"	"bulk_shotgun"	TRUE	16
"SYN_P18_T09"	"SYN_P18"	140	"followup"	"semaglutide"	62	29	"yes"	0	-5.378	1.976	"stool"	"bulk_shotgun"	TRUE	20
"SYN_P18_T10"	"SYN_P18"	168	"followup"	"semaglutide"	62	29	"yes"	0	-4.929	2.266	"stool"	"bulk_shotgun"	TRUE	24
"SYN_P19_T01"	"SYN_P19"	-14	"baseline"	"semaglutide"	40	34.8	"no"	0	0	0	"stool"	"bulk_shotgun"	TRUE	-2
"SYN_P19_T02"	"SYN_P19"	-7	"baseline"	"semaglutide"	40	34.8	"no"	0	0	0	"stool"	"bulk_shotgun"	TRUE	-1
"SYN_P19_T03"	"SYN_P19"	0	"treatment"	"semaglutide"	40	34.8	"no"	1	-0.105	0.532	"stool"	"bulk_shotgun"	TRUE	0
"SYN_P19_T04"	"SYN_P19"	14	"treatment"	"semaglutide"	40	34.8	"no"	1	-0.199	1.691	"stool"	"bulk_shotgun"	TRUE	2
"SYN_P19_T05"	"SYN_P19"	28	"treatment"	"semaglutide"	40	34.8	"no"	1	-2.65	4.076	"stool"	"bulk_shotgun"	TRUE	4
"SYN_P19_T06"	"SYN_P19"	56	"treatment"	"semaglutide"	40	34.8	"no"	1	-4.209	3.886	"stool"	"bulk_shotgun"	TRUE	8
"SYN_P19_T07"	"SYN_P19"	84	"treatment"	"semaglutide"	40	34.8	"no"	1	-5.305	3.062	"stool"	"bulk_shotgun"	TRUE	12
"SYN_P19_T08"	"SYN_P19"	112	"followup"	"semaglutide"	40	34.8	"no"	0	-4.755	1.381	"stool"	"bulk_shotgun"	TRUE	16
"SYN_P19_T09"	"SYN_P19"	140	"followup"	"semaglutide"	40	34.8	"no"	0	-5.151	1.828	"stool"	"bulk_shotgun"	TRUE	20
"SYN_P19_T10"	"SYN_P19"	168	"followup"	"semaglutide"	40	34.8	"no"	0	-5.248	0.439	"stool"	"bulk_shotgun"	TRUE	24
"SYN_P20_T01"	"SYN_P20"	-14	"baseline"	"semaglutide"	50	39.1	"no"	0	0	0	"stool"	"bulk_shotgun"	TRUE	-2
"SYN_P20_T02"	"SYN_P20"	-7	"baseline"	"semaglutide"	50	39.1	"no"	0	0	0	"stool"	"bulk_shotgun"	TRUE	-1
"SYN_P20_T03"	"SYN_P20"	0	"treatment"	"semaglutide"	50	39.1	"no"	1	0.547	3.625	"stool"	"bulk_shotgun"	TRUE	0
"SYN_P20_T04"	"SYN_P20"	14	"treatment"	"semaglutide"	50	39.1	"no"	1	-1.114	1.644	"stool"	"bulk_shotgun"	TRUE	2
"SYN_P20_T05"	"SYN_P20"	28	"treatment"	"semaglutide"	50	39.1	"no"	1	-2.475	-0.504	"stool"	"bulk_shotgun"	TRUE	4
"SYN_P20_T06"	"SYN_P20"	56	"treatment"	"semaglutide"	50	39.1	"no"	1	-4.868	1.786	"stool"	"bulk_shotgun"	TRUE	8
"SYN_P20_T07"	"SYN_P20"	84	"treatment"	"semaglutide"	50	39.1	"no"	1	-5.133	2.721	"stool"	"bulk_shotgun"	TRUE	12
"SYN_P20_T08"	"SYN_P20"	112	"followup"	"semaglutide"	50	39.1	"no"	0	-4.359	-0.724	"stool"	"bulk_shotgun"	TRUE	16
"SYN_P20_T09"	"SYN_P20"	140	"followup"	"semaglutide"	50	39.1	"no"	0	-4.767	2.807	"stool"	"bulk_shotgun"	TRUE	20
"SYN_P20_T10"	"SYN_P20"	168	"followup"	"semaglutide"	50	39.1	"no"	0	-4.03	1.978	"stool"	"bulk_shotgun"	TRUE	24
"SYN_P21_T01"	"SYN_P21"	-14	"baseline"	"semaglutide"	53	29.1	"yes"	0	0	0	"stool"	"bulk_shotgun"	TRUE	-2
"SYN_P21_T02"	"SYN_P21"	-7	"baseline"	"semaglutide"	53	29.1	"yes"	0	0	0	"stool"	"bulk_shotgun"	TRUE	-1
"SYN_P21_T03"	"SYN_P21"	0	"treatment"	"semaglutide"	53	29.1	"yes"	1	0.602	-0.272	"stool"	"bulk_shotgun"	TRUE	0
"SYN_P21_T04"	"SYN_P21"	14	"treatment"	"semaglutide"	53	29.1	"yes"	1	-1.826	0.473	"stool"	"bulk_shotgun"	TRUE	2
"SYN_P21_T05"	"SYN_P21"	28	"treatment"	"semaglutide"	53	29.1	"yes"	1	-2.305	1.041	"stool"	"bulk_shotgun"	TRUE	4
"SYN_P21_T06"	"SYN_P21"	56	"treatment"	"semaglutide"	53	29.1	"yes"	1	-3.281	1.395	"stool"	"bulk_shotgun"	TRUE	8
"SYN_P21_T07"	"SYN_P21"	84	"treatment"	"semaglutide"	53	29.1	"yes"	1	-5.376	0.99	"stool"	"bulk_shotgun"	TRUE	12
"SYN_P21_T08"	"SYN_P21"	112	"followup"	"semaglutide"	53	29.1	"yes"	0	-4.43	1.227	"stool"	"bulk_shotgun"	TRUE	16
"SYN_P21_T09"	"SYN_P21"	140	"followup"	"semaglutide"	53	29.1	"yes"	0	-4.583	0.371	"stool"	"bulk_shotgun"	TRUE	20
"SYN_P21_T10"	"SYN_P21"	168	"followup"	"semaglutide"	53	29.1	"yes"	0	-6.09	1.085	"stool"	"bulk_shotgun"	TRUE	24
"SYN_P22_T01"	"SYN_P22"	-14	"baseline"	"semaglutide"	49	36	"no"	0	0	0	"stool"	"bulk_shotgun"	TRUE	-2
"SYN_P22_T02"	"SYN_P22"	-7	"baseline"	"semaglutide"	49	36	"no"	0	0	0	"stool"	"bulk_shotgun"	TRUE	-1
"SYN_P22_T03"	"SYN_P22"	0	"treatment"	"semaglutide"	49	36	"no"	1	-0.298	3.847	"stool"	"bulk_shotgun"	TRUE	0
"SYN_P22_T04"	"SYN_P22"	14	"treatment"	"semaglutide"	49	36	"no"	1	-1.933	0.718	"stool"	"bulk_shotgun"	TRUE	2
"SYN_P22_T05"	"SYN_P22"	28	"treatment"	"semaglutide"	49	36	"no"	1	-3.641	3.018	"stool"	"bulk_shotgun"	TRUE	4
"SYN_P22_T06"	"SYN_P22"	56	"treatment"	"semaglutide"	49	36	"no"	1	-3.745	1.75	"stool"	"bulk_shotgun"	TRUE	8
"SYN_P22_T07"	"SYN_P22"	84	"treatment"	"semaglutide"	49	36	"no"	1	-5.34	0.981	"stool"	"bulk_shotgun"	TRUE	12
"SYN_P22_T08"	"SYN_P22"	112	"followup"	"semaglutide"	49	36	"no"	0	-4.26	0.334	"stool"	"bulk_shotgun"	TRUE	16
"SYN_P22_T09"	"SYN_P22"	140	"followup"	"semaglutide"	49	36	"no"	0	-5.126	1.217	"stool"	"bulk_shotgun"	TRUE	20
"SYN_P22_T10"	"SYN_P22"	168	"followup"	"semaglutide"	49	36	"no"	0	-5.523	0.576	"stool"	"bulk_shotgun"	TRUE	24
"SYN_P23_T01"	"SYN_P23"	-14	"baseline"	"semaglutide"	56	36.8	"no"	0	0	0	"stool"	"bulk_shotgun"	TRUE	-2
"SYN_P23_T02"	"SYN_P23"	-7	"baseline"	"semaglutide"	56	36.8	"no"	0	0	0	"stool"	"bulk_shotgun"	TRUE	-1
"SYN_P23_T03"	"SYN_P23"	0	"treatment"	"semaglutide"	56	36.8	"no"	1	1.044	6.595	"stool"	"bulk_shotgun"	TRUE	0
"SYN_P23_T04"	"SYN_P23"	14	"treatment"	"semaglutide"	56	36.8	"no"	1	-0.596	2.03	"stool"	"bulk_shotgun"	TRUE	2
"SYN_P23_T05"	"SYN_P23"	28	"treatment"	"semaglutide"	56	36.8	"no"	1	-2.777	3.786	"stool"	"bulk_shotgun"	TRUE	4
"SYN_P23_T06"	"SYN_P23"	56	"treatment"	"semaglutide"	56	36.8	"no"	1	-4.441	3.035	"stool"	"bulk_shotgun"	TRUE	8
"SYN_P23_T07"	"SYN_P23"	84	"treatment"	"semaglutide"	56	36.8	"no"	1	-4.757	0.276	"stool"	"bulk_shotgun"	TRUE	12
"SYN_P23_T08"	"SYN_P23"	112	"followup"	"semaglutide"	56	36.8	"no"	0	-5.254	2.187	"stool"	"bulk_shotgun"	TRUE	16
"SYN_P23_T09"	"SYN_P23"	140	"followup"	"semaglutide"	56	36.8	"no"	0	-4.714	-1.486	"stool"	"bulk_shotgun"	TRUE	20
"SYN_P23_T10"	"SYN_P23"	168	"followup"	"semaglutide"	56	36.8	"no"	0	-4.24	4.037	"stool"	"bulk_shotgun"	TRUE	24
"SYN_P24_T01"	"SYN_P24"	-14	"baseline"	"semaglutide"	34	30.1	"yes"	0	0	0	"stool"	"bulk_shotgun"	TRUE	-2
"SYN_P24_T02"	"SYN_P24"	-7	"baseline"	"semaglutide"	34	30.1	"yes"	0	0	0	"stool"	"bulk_shotgun"	TRUE	-1
"SYN_P24_T03"	"SYN_P24"	0	"treatment"	"semaglutide"	34	30.1	"yes"	1	-0.495	4.159	"stool"	"bulk_shotgun"	TRUE	0
"SYN_P24_T04"	"SYN_P24"	14	"treatment"	"semaglutide"	34	30.1	"yes"	1	-0.442	0.688	"stool"	"bulk_shotgun"	TRUE	2
"SYN_P24_T05"	"SYN_P24"	28	"treatment"	"semaglutide"	34	30.1	"yes"	1	-3.237	4.383	"stool"	"bulk_shotgun"	TRUE	4
"SYN_P24_T06"	"SYN_P24"	56	"treatment"	"semaglutide"	34	30.1	"yes"	1	-3.798	0.972	"stool"	"bulk_shotgun"	TRUE	8
"SYN_P24_T07"	"SYN_P24"	84	"treatment"	"semaglutide"	34	30.1	"yes"	1	-3.531	4.452	"stool"	"bulk_shotgun"	TRUE	12
"SYN_P24_T08"	"SYN_P24"	112	"followup"	"semaglutide"	34	30.1	"yes"	0	-5.019	0.642	"stool"	"bulk_shotgun"	TRUE	16
"SYN_P24_T09"	"SYN_P24"	140	"followup"	"semaglutide"	34	30.1	"yes"	0	-5.949	2.489	"stool"	"bulk_shotgun"	TRUE	20
"SYN_P24_T10"	"SYN_P24"	168	"followup"	"semaglutide"	34	30.1	"yes"	0	-5.977	2.579	"stool"	"bulk_shotgun"	TRUE	24
"SYN_P25_T01"	"SYN_P25"	-14	"baseline"	"semaglutide"	61	33.3	"no"	0	0	0	"stool"	"bulk_shotgun"	TRUE	-2
"SYN_P25_T02"	"SYN_P25"	-7	"baseline"	"semaglutide"	61	33.3	"no"	0	0	0	"stool"	"bulk_shotgun"	TRUE	-1
"SYN_P25_T03"	"SYN_P25"	0	"treatment"	"semaglutide"	61	33.3	"no"	1	-0.728	2.384	"stool"	"bulk_shotgun"	TRUE	0
"SYN_P25_T04"	"SYN_P25"	14	"treatment"	"semaglutide"	61	33.3	"no"	1	-2.23	1.518	"stool"	"bulk_shotgun"	TRUE	2
"SYN_P25_T05"	"SYN_P25"	28	"treatment"	"semaglutide"	61	33.3	"no"	1	-2.207	0.498	"stool"	"bulk_shotgun"	TRUE	4
"SYN_P25_T06"	"SYN_P25"	56	"treatment"	"semaglutide"	61	33.3	"no"	1	-3.804	0.304	"stool"	"bulk_shotgun"	TRUE	8
"SYN_P25_T07"	"SYN_P25"	84	"treatment"	"semaglutide"	61	33.3	"no"	1	-5.502	0.91	"stool"	"bulk_shotgun"	TRUE	12
"SYN_P25_T08"	"SYN_P25"	112	"followup"	"semaglutide"	61	33.3	"no"	0	-5.132	0.157	"stool"	"bulk_shotgun"	TRUE	16
"SYN_P25_T09"	"SYN_P25"	140	"followup"	"semaglutide"	61	33.3	"no"	0	-4.789	0.925	"stool"	"bulk_shotgun"	TRUE	20
"SYN_P25_T10"	"SYN_P25"	168	"followup"	"semaglutide"	61	33.3	"no"	0	-4.947	-0.287	"stool"	"bulk_shotgun"	TRUE	24
"SYN_P26_T01"	"SYN_P26"	-14	"baseline"	"semaglutide"	51	40	"no"	0	0	0	"stool"	"bulk_shotgun"	TRUE	-2
"SYN_P26_T02"	"SYN_P26"	-7	"baseline"	"semaglutide"	51	40	"no"	0	0	0	"stool"	"bulk_shotgun"	TRUE	-1
"SYN_P26_T03"	"SYN_P26"	0	"treatment"	"semaglutide"	51	40	"no"	1	-0.263	2.964	"stool"	"bulk_shotgun"	TRUE	0
"SYN_P26_T04"	"SYN_P26"	14	"treatment"	"semaglutide"	51	40	"no"	1	-0.667	1.506	"stool"	"bulk_shotgun"	TRUE	2
"SYN_P26_T05"	"SYN_P26"	28	"treatment"	"semaglutide"	51	40	"no"	1	-3.263	2.144	"stool"	"bulk_shotgun"	TRUE	4
"SYN_P26_T06"	"SYN_P26"	56	"treatment"	"semaglutide"	51	40	"no"	1	-5.259	2.312	"stool"	"bulk_shotgun"	TRUE	8
"SYN_P26_T07"	"SYN_P26"	84	"treatment"	"semaglutide"	51	40	"no"	1	-4.612	2.881	"stool"	"bulk_shotgun"	TRUE	12
"SYN_P26_T08"	"SYN_P26"	112	"followup"	"semaglutide"	51	40	"no"	0	-5.395	2.077	"stool"	"bulk_shotgun"	TRUE	16
"SYN_P26_T09"	"SYN_P26"	140	"followup"	"semaglutide"	51	40	"no"	0	-4.753	2.051	"stool"	"bulk_shotgun"	TRUE	20
"SYN_P26_T10"	"SYN_P26"	168	"followup"	"semaglutide"	51	40	"no"	0	-5.666	0.555	"stool"	"bulk_shotgun"	TRUE	24
"SYN_P27_T01"	"SYN_P27"	-14	"baseline"	"semaglutide"	59	37.1	"yes"	0	0	0	"stool"	"bulk_shotgun"	TRUE	-2
"SYN_P27_T02"	"SYN_P27"	-7	"baseline"	"semaglutide"	59	37.1	"yes"	0	0	0	"stool"	"bulk_shotgun"	TRUE	-1
"SYN_P27_T03"	"SYN_P27"	0	"treatment"	"semaglutide"	59	37.1	"yes"	1	0.452	2.282	"stool"	"bulk_shotgun"	TRUE	0
"SYN_P27_T04"	"SYN_P27"	14	"treatment"	"semaglutide"	59	37.1	"yes"	1	-2.286	2.469	"stool"	"bulk_shotgun"	TRUE	2
"SYN_P27_T05"	"SYN_P27"	28	"treatment"	"semaglutide"	59	37.1	"yes"	1	-3.172	0.19	"stool"	"bulk_shotgun"	TRUE	4
"SYN_P27_T06"	"SYN_P27"	56	"treatment"	"semaglutide"	59	37.1	"yes"	1	-4.49	3.322	"stool"	"bulk_shotgun"	TRUE	8
"SYN_P27_T07"	"SYN_P27"	84	"treatment"	"semaglutide"	59	37.1	"yes"	1	-5.074	3.101	"stool"	"bulk_shotgun"	TRUE	12
"SYN_P27_T08"	"SYN_P27"	112	"followup"	"semaglutide"	59	37.1	"yes"	0	-4.856	2.119	"stool"	"bulk_shotgun"	TRUE	16
"SYN_P27_T09"	"SYN_P27"	140	"followup"	"semaglutide"	59	37.1	"yes"	0	-6.537	2.987	"stool"	"bulk_shotgun"	TRUE	20
"SYN_P27_T10"	"SYN_P27"	168	"followup"	"semaglutide"	59	37.1	"yes"	0	-5.332	0.877	"stool"	"bulk_shotgun"	TRUE	24
"SYN_P28_T01"	"SYN_P28"	-14	"baseline"	"semaglutide"	38	30.7	"no"	0	0	0	"stool"	"bulk_shotgun"	TRUE	-2
"SYN_P28_T02"	"SYN_P28"	-7	"baseline"	"semaglutide"	38	30.7	"no"	0	0	0	"stool"	"bulk_shotgun"	TRUE	-1
"SYN_P28_T03"	"SYN_P28"	0	"treatment"	"semaglutide"	38	30.7	"no"	1	0.595	3.056	"stool"	"bulk_shotgun"	TRUE	0
"SYN_P28_T04"	"SYN_P28"	14	"treatment"	"semaglutide"	38	30.7	"no"	1	-0.047	1.752	"stool"	"bulk_shotgun"	TRUE	2
"SYN_P28_T05"	"SYN_P28"	28	"treatment"	"semaglutide"	38	30.7	"no"	1	-2.788	-0.746	"stool"	"bulk_shotgun"	TRUE	4
"SYN_P28_T06"	"SYN_P28"	56	"treatment"	"semaglutide"	38	30.7	"no"	1	-5.46	2.145	"stool"	"bulk_shotgun"	TRUE	8
"SYN_P28_T07"	"SYN_P28"	84	"treatment"	"semaglutide"	38	30.7	"no"	1	-4.284	4.372	"stool"	"bulk_shotgun"	TRUE	12
"SYN_P28_T08"	"SYN_P28"	112	"followup"	"semaglutide"	38	30.7	"no"	0	-5.424	3.578	"stool"	"bulk_shotgun"	TRUE	16
"SYN_P28_T09"	"SYN_P28"	140	"followup"	"semaglutide"	38	30.7	"no"	0	-4.273	5.018	"stool"	"bulk_shotgun"	TRUE	20
"SYN_P28_T10"	"SYN_P28"	168	"followup"	"semaglutide"	38	30.7	"no"	0	-5.045	1.544	"stool"	"bulk_shotgun"	TRUE	24
"SYN_P29_T01"	"SYN_P29"	-14	"baseline"	"semaglutide"	38	34.6	"no"	0	0	0	"stool"	"bulk_shotgun"	TRUE	-2
"SYN_P29_T02"	"SYN_P29"	-7	"baseline"	"semaglutide"	38	34.6	"no"	0	0	0	"stool"	"bulk_shotgun"	TRUE	-1
"SYN_P29_T03"	"SYN_P29"	0	"treatment"	"semaglutide"	38	34.6	"no"	1	-0.661	-1.004	"stool"	"bulk_shotgun"	TRUE	0
"SYN_P29_T04"	"SYN_P29"	14	"treatment"	"semaglutide"	38	34.6	"no"	1	-1.159	3.101	"stool"	"bulk_shotgun"	TRUE	2
"SYN_P29_T05"	"SYN_P29"	28	"treatment"	"semaglutide"	38	34.6	"no"	1	-3.427	4.995	"stool"	"bulk_shotgun"	TRUE	4
"SYN_P29_T06"	"SYN_P29"	56	"treatment"	"semaglutide"	38	34.6	"no"	1	-3.816	0.744	"stool"	"bulk_shotgun"	TRUE	8
"SYN_P29_T07"	"SYN_P29"	84	"treatment"	"semaglutide"	38	34.6	"no"	1	-3.414	1.609	"stool"	"bulk_shotgun"	TRUE	12
"SYN_P29_T08"	"SYN_P29"	112	"followup"	"semaglutide"	38	34.6	"no"	0	-4.554	3.078	"stool"	"bulk_shotgun"	TRUE	16
"SYN_P29_T09"	"SYN_P29"	140	"followup"	"semaglutide"	38	34.6	"no"	0	-4.283	1.169	"stool"	"bulk_shotgun"	TRUE	20
"SYN_P29_T10"	"SYN_P29"	168	"followup"	"semaglutide"	38	34.6	"no"	0	-5.328	1.644	"stool"	"bulk_shotgun"	TRUE	24
"SYN_P30_T01"	"SYN_P30"	-14	"baseline"	"semaglutide"	46	34.3	"yes"	0	0	0	"stool"	"bulk_shotgun"	TRUE	-2
"SYN_P30_T02"	"SYN_P30"	-7	"baseline"	"semaglutide"	46	34.3	"yes"	0	0	0	"stool"	"bulk_shotgun"	TRUE	-1
"SYN_P30_T03"	"SYN_P30"	0	"treatment"	"semaglutide"	46	34.3	"yes"	1	-1.629	5.662	"stool"	"bulk_shotgun"	TRUE	0
"SYN_P30_T04"	"SYN_P30"	14	"treatment"	"semaglutide"	46	34.3	"yes"	1	-0.825	0.559	"stool"	"bulk_shotgun"	TRUE	2
"SYN_P30_T05"	"SYN_P30"	28	"treatment"	"semaglutide"	46	34.3	"yes"	1	-2.631	3.057	"stool"	"bulk_shotgun"	TRUE	4
"SYN_P30_T06"	"SYN_P30"	56	"treatment"	"semaglutide"	46	34.3	"yes"	1	-3.832	-0.214	"stool"	"bulk_shotgun"	TRUE	8
"SYN_P30_T07"	"SYN_P30"	84	"treatment"	"semaglutide"	46	34.3	"yes"	1	-4.939	2.236	"stool"	"bulk_shotgun"	TRUE	12
"SYN_P30_T08"	"SYN_P30"	112	"followup"	"semaglutide"	46	34.3	"yes"	0	-6.121	2.187	"stool"	"bulk_shotgun"	TRUE	16
"SYN_P30_T09"	"SYN_P30"	140	"followup"	"semaglutide"	46	34.3	"yes"	0	-5.637	2.636	"stool"	"bulk_shotgun"	TRUE	20
"SYN_P30_T10"	"SYN_P30"	168	"followup"	"semaglutide"	46	34.3	"yes"	0	-4.92	-0.741	"stool"	"bulk_shotgun"	TRUE	24
"SYN_P31_T01"	"SYN_P31"	-14	"baseline"	"semaglutide"	60	32.5	"no"	0	0	0	"stool"	"bulk_shotgun"	TRUE	-2
"SYN_P31_T02"	"SYN_P31"	-7	"baseline"	"semaglutide"	60	32.5	"no"	0	0	0	"stool"	"bulk_shotgun"	TRUE	-1
"SYN_P31_T03"	"SYN_P31"	0	"treatment"	"semaglutide"	60	32.5	"no"	1	-0.637	2.339	"stool"	"bulk_shotgun"	TRUE	0
"SYN_P31_T04"	"SYN_P31"	14	"treatment"	"semaglutide"	60	32.5	"no"	1	-2.763	2.802	"stool"	"bulk_shotgun"	TRUE	2
"SYN_P31_T05"	"SYN_P31"	28	"treatment"	"semaglutide"	60	32.5	"no"	1	-2.232	1.796	"stool"	"bulk_shotgun"	TRUE	4
"SYN_P31_T06"	"SYN_P31"	56	"treatment"	"semaglutide"	60	32.5	"no"	1	-4.032	-0.916	"stool"	"bulk_shotgun"	TRUE	8
"SYN_P31_T07"	"SYN_P31"	84	"treatment"	"semaglutide"	60	32.5	"no"	1	-5.601	1.003	"stool"	"bulk_shotgun"	TRUE	12
"SYN_P31_T08"	"SYN_P31"	112	"followup"	"semaglutide"	60	32.5	"no"	0	-4.57	2.54	"stool"	"bulk_shotgun"	TRUE	16
"SYN_P31_T09"	"SYN_P31"	140	"followup"	"semaglutide"	60	32.5	"no"	0	-4.657	1.2	"stool"	"bulk_shotgun"	TRUE	20
"SYN_P31_T10"	"SYN_P31"	168	"followup"	"semaglutide"	60	32.5	"no"	0	-5.803	0.69	"stool"	"bulk_shotgun"	TRUE	24
"SYN_P32_T01"	"SYN_P32"	-14	"baseline"	"semaglutide"	38	34.3	"no"	0	0	0	"stool"	"bulk_shotgun"	TRUE	-2
"SYN_P32_T02"	"SYN_P32"	-7	"baseline"	"semaglutide"	38	34.3	"no"	0	0	0	"stool"	"bulk_shotgun"	TRUE	-1
"SYN_P32_T03"	"SYN_P32"	0	"treatment"	"semaglutide"	38	34.3	"no"	1	0.292	2.343	"stool"	"bulk_shotgun"	TRUE	0
"SYN_P32_T04"	"SYN_P32"	14	"treatment"	"semaglutide"	38	34.3	"no"	1	-1.046	0.928	"stool"	"bulk_shotgun"	TRUE	2
"SYN_P32_T05"	"SYN_P32"	28	"treatment"	"semaglutide"	38	34.3	"no"	1	-2.924	2.498	"stool"	"bulk_shotgun"	TRUE	4
"SYN_P32_T06"	"SYN_P32"	56	"treatment"	"semaglutide"	38	34.3	"no"	1	-4.343	2.365	"stool"	"bulk_shotgun"	TRUE	8
"SYN_P32_T07"	"SYN_P32"	84	"treatment"	"semaglutide"	38	34.3	"no"	1	-4.701	2.287	"stool"	"bulk_shotgun"	TRUE	12
"SYN_P32_T08"	"SYN_P32"	112	"followup"	"semaglutide"	38	34.3	"no"	0	-3.738	2.701	"stool"	"bulk_shotgun"	TRUE	16
"SYN_P32_T09"	"SYN_P32"	140	"followup"	"semaglutide"	38	34.3	"no"	0	-3.924	2.18	"stool"	"bulk_shotgun"	TRUE	20
"SYN_P32_T10"	"SYN_P32"	168	"followup"	"semaglutide"	38	34.3	"no"	0	-5.08	1.979	"stool"	"bulk_shotgun"	TRUE	24
