"modality"	"feature"	"specification"	"status"	"message"	"n_samples"	"n_participants"	"residual_sd"	"random_intercept_sd"	"car1_rho_per_time_unit"
"bacteria"	"Bacterium_01"	"primary"	"ok"	""	320	32	0.540841009402543	0.3715088	NA
"bacteria"	"Bacterium_02"	"primary"	"ok"	""	320	32	0.521716722353866	0.4124152	NA
"bacteria"	"Bacterium_03"	"primary"	"ok"	""	320	32	0.501524831737507	0.4080756	NA
"bacteria"	"Bacterium_04"	"primary"	"ok"	""	320	32	0.501855126785208	0.3976532	NA
"bacteria"	"Bacterium_05"	"primary"	"ok"	""	320	32	0.515661261967495	0.3182365	NA
"bacteria"	"Bacterium_06"	"primary"	"ok"	""	320	32	0.505339792762674	0.366617	NA
"bacteria"	"Bacterium_07"	"primary"	"ok"	""	320	32	0.487431457515876	0.3650946	NA
"bacteria"	"Bacterium_08"	"primary"	"ok"	""	320	32	0.491493311842268	0.426995	NA
"bacteria"	"Bacterium_09"	"primary"	"ok"	""	320	32	0.516729200576357	0.3686701	NA
"bacteria"	"Bacterium_10"	"primary"	"ok"	""	320	32	0.486275756154953	0.4277292	NA
"bacteria"	"Bacterium_11"	"primary"	"ok"	""	320	32	0.498276799639788	0.5219658	NA
"bacteria"	"Bacterium_12"	"primary"	"ok"	"Random intercept variance near boundary"	320	32	5.0193045062068	0.0003357622	NA
"bacteria"	"Bacterium_01"	"sensitivity"	"ok"	""	320	32	0.540765562263187	0.3703317	NA
"bacteria"	"Bacterium_02"	"sensitivity"	"ok"	""	320	32	0.523459956881063	0.4124974	NA
"bacteria"	"Bacterium_03"	"sensitivity"	"ok"	""	320	32	0.501173239005912	0.4089646	NA
"bacteria"	"Bacterium_04"	"sensitivity"	"ok"	""	320	32	0.501518332481054	0.3957849	NA
"bacteria"	"Bacterium_05"	"sensitivity"	"ok"	""	320	32	0.516049499039107	0.3191825	NA
"bacteria"	"Bacterium_06"	"sensitivity"	"ok"	""	320	32	0.505245598990005	0.3649294	NA
"bacteria"	"Bacterium_07"	"sensitivity"	"ok"	""	320	32	0.486867912406976	0.3645544	NA
"bacteria"	"Bacterium_08"	"sensitivity"	"ok"	""	320	32	0.491147070488106	0.4288436	NA
"bacteria"	"Bacterium_09"	"sensitivity"	"ok"	""	320	32	0.516204071410668	0.3634235	NA
"bacteria"	"Bacterium_10"	"sensitivity"	"ok"	""	320	32	0.487576610340241	0.42721	NA
"bacteria"	"Bacterium_11"	"sensitivity"	"ok"	""	320	32	0.497942461646485	0.5241852	NA
"bacteria"	"Bacterium_12"	"sensitivity"	"ok"	"Random intercept variance near boundary"	320	32	5.02053049993015	0.0003419921	NA
"phages"	"Phage_01"	"primary"	"ok"	""	320	32	0.76891846821892	0.5427693	NA
"phages"	"Phage_02"	"primary"	"ok"	""	320	32	0.771461244133341	0.5405347	NA
"phages"	"Phage_03"	"primary"	"ok"	""	320	32	0.780977362178494	0.4359265	NA
"phages"	"Phage_04"	"primary"	"ok"	""	320	32	0.75878395412306	0.2920582	NA
"phages"	"Phage_05"	"primary"	"ok"	""	320	32	0.766414971409081	0.5994569	NA
"phages"	"Phage_06"	"primary"	"ok"	""	320	32	0.769761584666687	0.5746755	NA
"phages"	"Phage_07"	"primary"	"ok"	""	320	32	0.789679945372276	0.5462949	NA
"phages"	"Phage_08"	"primary"	"ok"	""	320	32	5.11885968205102	0.4109023	NA
"phages"	"Phage_01"	"sensitivity"	"ok"	""	320	32	0.767217184072069	0.5490933	NA
"phages"	"Phage_02"	"sensitivity"	"ok"	""	320	32	0.767029831308754	0.5385084	NA
"phages"	"Phage_03"	"sensitivity"	"ok"	""	320	32	0.77599747776101	0.4372511	NA
"phages"	"Phage_04"	"sensitivity"	"ok"	""	320	32	0.750642023436286	0.2951352	NA
"phages"	"Phage_05"	"sensitivity"	"ok"	""	320	32	0.759516749621929	0.6002998	NA
"phages"	"Phage_06"	"sensitivity"	"ok"	""	320	32	0.765417036129077	0.5695095	NA
"phages"	"Phage_07"	"sensitivity"	"ok"	""	320	32	0.787282995011171	0.5528328	NA
"phages"	"Phage_08"	"sensitivity"	"ok"	""	320	32	5.08385171248007	0.5212883	NA
