"modality"	"participant_id"	"feature"	"n_samples"	"n_detected"	"observed_detection_fraction"	"first_detected_day"	"last_detected_day"
"bacteria"	"SYN_P01"	"Bacterium_01"	10	10	1	-14	168
"bacteria"	"SYN_P01"	"Bacterium_02"	10	10	1	-14	168
"bacteria"	"SYN_P01"	"Bacterium_03"	10	10	1	-14	168
"bacteria"	"SYN_P01"	"Bacterium_04"	10	10	1	-14	168
"bacteria"	"SYN_P01"	"Bacterium_05"	10	10	1	-14	168
"bacteria"	"SYN_P01"	"Bacterium_06"	10	10	1	-14	168
"bacteria"	"SYN_P01"	"Bacterium_07"	10	10	1	-14	168
"bacteria"	"SYN_P01"	"Bacterium_08"	10	10	1	-14	168
"bacteria"	"SYN_P01"	"Bacterium_09"	10	10	1	-14	168
"bacteria"	"SYN_P01"	"Bacterium_10"	10	10	1	-14	168
"bacteria"	"SYN_P01"	"Bacterium_11"	10	10	1	-14	168
"bacteria"	"SYN_P01"	"Bacterium_12"	10	5	0.5	-7	168
"bacteria"	"SYN_P02"	"Bacterium_01"	10	10	1	-14	168
"bacteria"	"SYN_P02"	"Bacterium_02"	10	10	1	-14	168
"bacteria"	"SYN_P02"	"Bacterium_03"	10	10	1	-14	168
"bacteria"	"SYN_P02"	"Bacterium_04"	10	10	1	-14	168
"bacteria"	"SYN_P02"	"Bacterium_05"	10	10	1	-14	168
"bacteria"	"SYN_P02"	"Bacterium_06"	10	10	1	-14	168
"bacteria"	"SYN_P02"	"Bacterium_07"	10	10	1	-14	168
"bacteria"	"SYN_P02"	"Bacterium_08"	10	10	1	-14	168
"bacteria"	"SYN_P02"	"Bacterium_09"	10	10	1	-14	168
"bacteria"	"SYN_P02"	"Bacterium_10"	10	10	1	-14	168
"bacteria"	"SYN_P02"	"Bacterium_11"	10	10	1	-14	168
"bacteria"	"SYN_P02"	"Bacterium_12"	10	1	0.1	-7	-7
"bacteria"	"SYN_P03"	"Bacterium_01"	10	10	1	-14	168
"bacteria"	"SYN_P03"	"Bacterium_02"	10	10	1	-14	168
"bacteria"	"SYN_P03"	"Bacterium_03"	10	10	1	-14	168
"bacteria"	"SYN_P03"	"Bacterium_04"	10	10	1	-14	168
"bacteria"	"SYN_P03"	"Bacterium_05"	10	10	1	-14	168
"bacteria"	"SYN_P03"	"Bacterium_06"	10	10	1	-14	168
"bacteria"	"SYN_P03"	"Bacterium_07"	10	10	1	-14	168
"bacteria"	"SYN_P03"	"Bacterium_08"	10	10	1	-14	168
"bacteria"	"SYN_P03"	"Bacterium_09"	10	10	1	-14	168
"bacteria"	"SYN_P03"	"Bacterium_10"	10	10	1	-14	168
"bacteria"	"SYN_P03"	"Bacterium_11"	10	10	1	-14	168
"bacteria"	"SYN_P03"	"Bacterium_12"	10	4	0.4	0	140
"bacteria"	"SYN_P04"	"Bacterium_01"	10	10	1	-14	168
"bacteria"	"SYN_P04"	"Bacterium_02"	10	10	1	-14	168
"bacteria"	"SYN_P04"	"Bacterium_03"	10	10	1	-14	168
"bacteria"	"SYN_P04"	"Bacterium_04"	10	10	1	-14	168
"bacteria"	"SYN_P04"	"Bacterium_05"	10	10	1	-14	168
"bacteria"	"SYN_P04"	"Bacterium_06"	10	10	1	-14	168
"bacteria"	"SYN_P04"	"Bacterium_07"	10	10	1	-14	168
"bacteria"	"SYN_P04"	"Bacterium_08"	10	10	1	-14	168
"bacteria"	"SYN_P04"	"Bacterium_09"	10	10	1	-14	168
"bacteria"	"SYN_P04"	"Bacterium_10"	10	10	1	-14	168
"bacteria"	"SYN_P04"	"Bacterium_11"	10	10	1	-14	168
"bacteria"	"SYN_P04"	"Bacterium_12"	10	6	0.6	-14	168
"bacteria"	"SYN_P05"	"Bacterium_01"	10	10	1	-14	168
"bacteria"	"SYN_P05"	"Bacterium_02"	10	10	1	-14	168
"bacteria"	"SYN_P05"	"Bacterium_03"	10	10	1	-14	168
"bacteria"	"SYN_P05"	"Bacterium_04"	10	10	1	-14	168
"bacteria"	"SYN_P05"	"Bacterium_05"	10	10	1	-14	168
"bacteria"	"SYN_P05"	"Bacterium_06"	10	10	1	-14	168
"bacteria"	"SYN_P05"	"Bacterium_07"	10	10	1	-14	168
"bacteria"	"SYN_P05"	"Bacterium_08"	10	10	1	-14	168
"bacteria"	"SYN_P05"	"Bacterium_09"	10	10	1	-14	168
"bacteria"	"SYN_P05"	"Bacterium_10"	10	10	1	-14	168
"bacteria"	"SYN_P05"	"Bacterium_11"	10	10	1	-14	168
"bacteria"	"SYN_P05"	"Bacterium_12"	10	4	0.4	-14	140
"bacteria"	"SYN_P06"	"Bacterium_01"	10	10	1	-14	168
"bacteria"	"SYN_P06"	"Bacterium_02"	10	10	1	-14	168
"bacteria"	"SYN_P06"	"Bacterium_03"	10	10	1	-14	168
"bacteria"	"SYN_P06"	"Bacterium_04"	10	10	1	-14	168
"bacteria"	"SYN_P06"	"Bacterium_05"	10	10	1	-14	168
"bacteria"	"SYN_P06"	"Bacterium_06"	10	10	1	-14	168
"bacteria"	"SYN_P06"	"Bacterium_07"	10	10	1	-14	168
"bacteria"	"SYN_P06"	"Bacterium_08"	10	10	1	-14	168
"bacteria"	"SYN_P06"	"Bacterium_09"	10	10	1	-14	168
"bacteria"	"SYN_P06"	"Bacterium_10"	10	10	1	-14	168
"bacteria"	"SYN_P06"	"Bacterium_11"	10	10	1	-14	168
"bacteria"	"SYN_P06"	"Bacterium_12"	10	2	0.2	56	168
"bacteria"	"SYN_P07"	"Bacterium_01"	10	10	1	-14	168
"bacteria"	"SYN_P07"	"Bacterium_02"	10	10	1	-14	168
"bacteria"	"SYN_P07"	"Bacterium_03"	10	10	1	-14	168
"bacteria"	"SYN_P07"	"Bacterium_04"	10	10	1	-14	168
"bacteria"	"SYN_P07"	"Bacterium_05"	10	10	1	-14	168
"bacteria"	"SYN_P07"	"Bacterium_06"	10	10	1	-14	168
"bacteria"	"SYN_P07"	"Bacterium_07"	10	10	1	-14	168
"bacteria"	"SYN_P07"	"Bacterium_08"	10	10	1	-14	168
"bacteria"	"SYN_P07"	"Bacterium_09"	10	10	1	-14	168
"bacteria"	"SYN_P07"	"Bacterium_10"	10	10	1	-14	168
"bacteria"	"SYN_P07"	"Bacterium_11"	10	10	1	-14	168
"bacteria"	"SYN_P07"	"Bacterium_12"	10	5	0.5	-7	140
"bacteria"	"SYN_P08"	"Bacterium_01"	10	10	1	-14	168
"bacteria"	"SYN_P08"	"Bacterium_02"	10	10	1	-14	168
"bacteria"	"SYN_P08"	"Bacterium_03"	10	10	1	-14	168
"bacteria"	"SYN_P08"	"Bacterium_04"	10	10	1	-14	168
"bacteria"	"SYN_P08"	"Bacterium_05"	10	10	1	-14	168
"bacteria"	"SYN_P08"	"Bacterium_06"	10	10	1	-14	168
"bacteria"	"SYN_P08"	"Bacterium_07"	10	10	1	-14	168
"bacteria"	"SYN_P08"	"Bacterium_08"	10	10	1	-14	168
"bacteria"	"SYN_P08"	"Bacterium_09"	10	10	1	-14	168
"bacteria"	"SYN_P08"	"Bacterium_10"	10	10	1	-14	168
"bacteria"	"SYN_P08"	"Bacterium_11"	10	10	1	-14	168
"bacteria"	"SYN_P08"	"Bacterium_12"	10	5	0.5	-14	168
"bacteria"	"SYN_P09"	"Bacterium_01"	10	10	1	-14	168
"bacteria"	"SYN_P09"	"Bacterium_02"	10	10	1	-14	168
"bacteria"	"SYN_P09"	"Bacterium_03"	10	10	1	-14	168
"bacteria"	"SYN_P09"	"Bacterium_04"	10	10	1	-14	168
"bacteria"	"SYN_P09"	"Bacterium_05"	10	10	1	-14	168
"bacteria"	"SYN_P09"	"Bacterium_06"	10	10	1	-14	168
"bacteria"	"SYN_P09"	"Bacterium_07"	10	10	1	-14	168
"bacteria"	"SYN_P09"	"Bacterium_08"	10	10	1	-14	168
"bacteria"	"SYN_P09"	"Bacterium_09"	10	10	1	-14	168
"bacteria"	"SYN_P09"	"Bacterium_10"	10	10	1	-14	168
"bacteria"	"SYN_P09"	"Bacterium_11"	10	10	1	-14	168
"bacteria"	"SYN_P09"	"Bacterium_12"	10	5	0.5	-14	140
"bacteria"	"SYN_P10"	"Bacterium_01"	10	10	1	-14	168
"bacteria"	"SYN_P10"	"Bacterium_02"	10	10	1	-14	168
"bacteria"	"SYN_P10"	"Bacterium_03"	10	10	1	-14	168
"bacteria"	"SYN_P10"	"Bacterium_04"	10	10	1	-14	168
"bacteria"	"SYN_P10"	"Bacterium_05"	10	10	1	-14	168
"bacteria"	"SYN_P10"	"Bacterium_06"	10	10	1	-14	168
"bacteria"	"SYN_P10"	"Bacterium_07"	10	10	1	-14	168
"bacteria"	"SYN_P10"	"Bacterium_08"	10	10	1	-14	168
"bacteria"	"SYN_P10"	"Bacterium_09"	10	10	1	-14	168
"bacteria"	"SYN_P10"	"Bacterium_10"	10	10	1	-14	168
"bacteria"	"SYN_P10"	"Bacterium_11"	10	10	1	-14	168
"bacteria"	"SYN_P10"	"Bacterium_12"	10	2	0.2	14	168
"bacteria"	"SYN_P11"	"Bacterium_01"	10	10	1	-14	168
"bacteria"	"SYN_P11"	"Bacterium_02"	10	10	1	-14	168
"bacteria"	"SYN_P11"	"Bacterium_03"	10	10	1	-14	168
"bacteria"	"SYN_P11"	"Bacterium_04"	10	10	1	-14	168
"bacteria"	"SYN_P11"	"Bacterium_05"	10	10	1	-14	168
"bacteria"	"SYN_P11"	"Bacterium_06"	10	10	1	-14	168
"bacteria"	"SYN_P11"	"Bacterium_07"	10	10	1	-14	168
"bacteria"	"SYN_P11"	"Bacterium_08"	10	10	1	-14	168
"bacteria"	"SYN_P11"	"Bacterium_09"	10	10	1	-14	168
"bacteria"	"SYN_P11"	"Bacterium_10"	10	10	1	-14	168
"bacteria"	"SYN_P11"	"Bacterium_11"	10	10	1	-14	168
"bacteria"	"SYN_P11"	"Bacterium_12"	10	2	0.2	84	140
"bacteria"	"SYN_P12"	"Bacterium_01"	10	10	1	-14	168
"bacteria"	"SYN_P12"	"Bacterium_02"	10	10	1	-14	168
"bacteria"	"SYN_P12"	"Bacterium_03"	10	10	1	-14	168
"bacteria"	"SYN_P12"	"Bacterium_04"	10	10	1	-14	168
"bacteria"	"SYN_P12"	"Bacterium_05"	10	10	1	-14	168
"bacteria"	"SYN_P12"	"Bacterium_06"	10	10	1	-14	168
"bacteria"	"SYN_P12"	"Bacterium_07"	10	10	1	-14	168
"bacteria"	"SYN_P12"	"Bacterium_08"	10	10	1	-14	168
"bacteria"	"SYN_P12"	"Bacterium_09"	10	10	1	-14	168
"bacteria"	"SYN_P12"	"Bacterium_10"	10	10	1	-14	168
"bacteria"	"SYN_P12"	"Bacterium_11"	10	10	1	-14	168
"bacteria"	"SYN_P12"	"Bacterium_12"	10	4	0.4	-14	84
"bacteria"	"SYN_P13"	"Bacterium_01"	10	10	1	-14	168
"bacteria"	"SYN_P13"	"Bacterium_02"	10	10	1	-14	168
"bacteria"	"SYN_P13"	"Bacterium_03"	10	10	1	-14	168
"bacteria"	"SYN_P13"	"Bacterium_04"	10	10	1	-14	168
"bacteria"	"SYN_P13"	"Bacterium_05"	10	10	1	-14	168
"bacteria"	"SYN_P13"	"Bacterium_06"	10	10	1	-14	168
"bacteria"	"SYN_P13"	"Bacterium_07"	10	10	1	-14	168
"bacteria"	"SYN_P13"	"Bacterium_08"	10	10	1	-14	168
"bacteria"	"SYN_P13"	"Bacterium_09"	10	10	1	-14	168
"bacteria"	"SYN_P13"	"Bacterium_10"	10	10	1	-14	168
"bacteria"	"SYN_P13"	"Bacterium_11"	10	10	1	-14	168
"bacteria"	"SYN_P13"	"Bacterium_12"	10	3	0.3	-14	56
"bacteria"	"SYN_P14"	"Bacterium_01"	10	10	1	-14	168
"bacteria"	"SYN_P14"	"Bacterium_02"	10	10	1	-14	168
"bacteria"	"SYN_P14"	"Bacterium_03"	10	10	1	-14	168
"bacteria"	"SYN_P14"	"Bacterium_04"	10	10	1	-14	168
"bacteria"	"SYN_P14"	"Bacterium_05"	10	10	1	-14	168
"bacteria"	"SYN_P14"	"Bacterium_06"	10	10	1	-14	168
"bacteria"	"SYN_P14"	"Bacterium_07"	10	10	1	-14	168
"bacteria"	"SYN_P14"	"Bacterium_08"	10	10	1	-14	168
"bacteria"	"SYN_P14"	"Bacterium_09"	10	10	1	-14	168
"bacteria"	"SYN_P14"	"Bacterium_10"	10	10	1	-14	168
"bacteria"	"SYN_P14"	"Bacterium_11"	10	10	1	-14	168
"bacteria"	"SYN_P14"	"Bacterium_12"	10	4	0.4	-14	140
"bacteria"	"SYN_P15"	"Bacterium_01"	10	10	1	-14	168
"bacteria"	"SYN_P15"	"Bacterium_02"	10	10	1	-14	168
"bacteria"	"SYN_P15"	"Bacterium_03"	10	10	1	-14	168
"bacteria"	"SYN_P15"	"Bacterium_04"	10	10	1	-14	168
"bacteria"	"SYN_P15"	"Bacterium_05"	10	10	1	-14	168
"bacteria"	"SYN_P15"	"Bacterium_06"	10	10	1	-14	168
"bacteria"	"SYN_P15"	"Bacterium_07"	10	10	1	-14	168
"bacteria"	"SYN_P15"	"Bacterium_08"	10	10	1	-14	168
"bacteria"	"SYN_P15"	"Bacterium_09"	10	10	1	-14	168
"bacteria"	"SYN_P15"	"Bacterium_10"	10	10	1	-14	168
"bacteria"	"SYN_P15"	"Bacterium_11"	10	10	1	-14	168
"bacteria"	"SYN_P15"	"Bacterium_12"	10	3	0.3	84	168
"bacteria"	"SYN_P16"	"Bacterium_01"	10	10	1	-14	168
"bacteria"	"SYN_P16"	"Bacterium_02"	10	10	1	-14	168
"bacteria"	"SYN_P16"	"Bacterium_03"	10	10	1	-14	168
"bacteria"	"SYN_P16"	"Bacterium_04"	10	10	1	-14	168
"bacteria"	"SYN_P16"	"Bacterium_05"	10	10	1	-14	168
"bacteria"	"SYN_P16"	"Bacterium_06"	10	10	1	-14	168
"bacteria"	"SYN_P16"	"Bacterium_07"	10	10	1	-14	168
"bacteria"	"SYN_P16"	"Bacterium_08"	10	10	1	-14	168
"bacteria"	"SYN_P16"	"Bacterium_09"	10	10	1	-14	168
"bacteria"	"SYN_P16"	"Bacterium_10"	10	10	1	-14	168
"bacteria"	"SYN_P16"	"Bacterium_11"	10	10	1	-14	168
"bacteria"	"SYN_P16"	"Bacterium_12"	10	3	0.3	-7	140
"bacteria"	"SYN_P17"	"Bacterium_01"	10	10	1	-14	168
"bacteria"	"SYN_P17"	"Bacterium_02"	10	10	1	-14	168
"bacteria"	"SYN_P17"	"Bacterium_03"	10	10	1	-14	168
"bacteria"	"SYN_P17"	"Bacterium_04"	10	10	1	-14	168
"bacteria"	"SYN_P17"	"Bacterium_05"	10	10	1	-14	168
"bacteria"	"SYN_P17"	"Bacterium_06"	10	10	1	-14	168
"bacteria"	"SYN_P17"	"Bacterium_07"	10	10	1	-14	168
"bacteria"	"SYN_P17"	"Bacterium_08"	10	10	1	-14	168
"bacteria"	"SYN_P17"	"Bacterium_09"	10	10	1	-14	168
"bacteria"	"SYN_P17"	"Bacterium_10"	10	10	1	-14	168
"bacteria"	"SYN_P17"	"Bacterium_11"	10	10	1	-14	168
"bacteria"	"SYN_P17"	"Bacterium_12"	10	3	0.3	-7	168
"bacteria"	"SYN_P18"	"Bacterium_01"	10	10	1	-14	168
"bacteria"	"SYN_P18"	"Bacterium_02"	10	10	1	-14	168
"bacteria"	"SYN_P18"	"Bacterium_03"	10	10	1	-14	168
"bacteria"	"SYN_P18"	"Bacterium_04"	10	10	1	-14	168
"bacteria"	"SYN_P18"	"Bacterium_05"	10	10	1	-14	168
"bacteria"	"SYN_P18"	"Bacterium_06"	10	10	1	-14	168
"bacteria"	"SYN_P18"	"Bacterium_07"	10	10	1	-14	168
"bacteria"	"SYN_P18"	"Bacterium_08"	10	10	1	-14	168
"bacteria"	"SYN_P18"	"Bacterium_09"	10	10	1	-14	168
"bacteria"	"SYN_P18"	"Bacterium_10"	10	10	1	-14	168
"bacteria"	"SYN_P18"	"Bacterium_11"	10	10	1	-14	168
"bacteria"	"SYN_P18"	"Bacterium_12"	10	2	0.2	14	28
"bacteria"	"SYN_P19"	"Bacterium_01"	10	10	1	-14	168
"bacteria"	"SYN_P19"	"Bacterium_02"	10	10	1	-14	168
"bacteria"	"SYN_P19"	"Bacterium_03"	10	10	1	-14	168
"bacteria"	"SYN_P19"	"Bacterium_04"	10	10	1	-14	168
"bacteria"	"SYN_P19"	"Bacterium_05"	10	10	1	-14	168
"bacteria"	"SYN_P19"	"Bacterium_06"	10	10	1	-14	168
"bacteria"	"SYN_P19"	"Bacterium_07"	10	10	1	-14	168
"bacteria"	"SYN_P19"	"Bacterium_08"	10	10	1	-14	168
"bacteria"	"SYN_P19"	"Bacterium_09"	10	10	1	-14	168
"bacteria"	"SYN_P19"	"Bacterium_10"	10	10	1	-14	168
"bacteria"	"SYN_P19"	"Bacterium_11"	10	10	1	-14	168
"bacteria"	"SYN_P19"	"Bacterium_12"	10	4	0.4	-14	140
"bacteria"	"SYN_P20"	"Bacterium_01"	10	10	1	-14	168
"bacteria"	"SYN_P20"	"Bacterium_02"	10	10	1	-14	168
"bacteria"	"SYN_P20"	"Bacterium_03"	10	10	1	-14	168
"bacteria"	"SYN_P20"	"Bacterium_04"	10	10	1	-14	168
"bacteria"	"SYN_P20"	"Bacterium_05"	10	10	1	-14	168
"bacteria"	"SYN_P20"	"Bacterium_06"	10	10	1	-14	168
"bacteria"	"SYN_P20"	"Bacterium_07"	10	10	1	-14	168
"bacteria"	"SYN_P20"	"Bacterium_08"	10	10	1	-14	168
"bacteria"	"SYN_P20"	"Bacterium_09"	10	10	1	-14	168
"bacteria"	"SYN_P20"	"Bacterium_10"	10	10	1	-14	168
"bacteria"	"SYN_P20"	"Bacterium_11"	10	10	1	-14	168
"bacteria"	"SYN_P20"	"Bacterium_12"	10	5	0.5	-7	168
"bacteria"	"SYN_P21"	"Bacterium_01"	10	10	1	-14	168
"bacteria"	"SYN_P21"	"Bacterium_02"	10	10	1	-14	168
"bacteria"	"SYN_P21"	"Bacterium_03"	10	10	1	-14	168
"bacteria"	"SYN_P21"	"Bacterium_04"	10	10	1	-14	168
"bacteria"	"SYN_P21"	"Bacterium_05"	10	10	1	-14	168
"bacteria"	"SYN_P21"	"Bacterium_06"	10	10	1	-14	168
"bacteria"	"SYN_P21"	"Bacterium_07"	10	10	1	-14	168
"bacteria"	"SYN_P21"	"Bacterium_08"	10	10	1	-14	168
"bacteria"	"SYN_P21"	"Bacterium_09"	10	10	1	-14	168
"bacteria"	"SYN_P21"	"Bacterium_10"	10	10	1	-14	168
"bacteria"	"SYN_P21"	"Bacterium_11"	10	10	1	-14	168
"bacteria"	"SYN_P21"	"Bacterium_12"	10	2	0.2	-14	-7
"bacteria"	"SYN_P22"	"Bacterium_01"	10	10	1	-14	168
"bacteria"	"SYN_P22"	"Bacterium_02"	10	10	1	-14	168
"bacteria"	"SYN_P22"	"Bacterium_03"	10	10	1	-14	168
"bacteria"	"SYN_P22"	"Bacterium_04"	10	10	1	-14	168
"bacteria"	"SYN_P22"	"Bacterium_05"	10	10	1	-14	168
"bacteria"	"SYN_P22"	"Bacterium_06"	10	10	1	-14	168
"bacteria"	"SYN_P22"	"Bacterium_07"	10	10	1	-14	168
"bacteria"	"SYN_P22"	"Bacterium_08"	10	10	1	-14	168
"bacteria"	"SYN_P22"	"Bacterium_09"	10	10	1	-14	168
"bacteria"	"SYN_P22"	"Bacterium_10"	10	10	1	-14	168
"bacteria"	"SYN_P22"	"Bacterium_11"	10	10	1	-14	168
"bacteria"	"SYN_P22"	"Bacterium_12"	10	5	0.5	-14	112
"bacteria"	"SYN_P23"	"Bacterium_01"	10	10	1	-14	168
"bacteria"	"SYN_P23"	"Bacterium_02"	10	10	1	-14	168
"bacteria"	"SYN_P23"	"Bacterium_03"	10	10	1	-14	168
"bacteria"	"SYN_P23"	"Bacterium_04"	10	10	1	-14	168
"bacteria"	"SYN_P23"	"Bacterium_05"	10	10	1	-14	168
"bacteria"	"SYN_P23"	"Bacterium_06"	10	10	1	-14	168
"bacteria"	"SYN_P23"	"Bacterium_07"	10	10	1	-14	168
"bacteria"	"SYN_P23"	"Bacterium_08"	10	10	1	-14	168
"bacteria"	"SYN_P23"	"Bacterium_09"	10	10	1	-14	168
"bacteria"	"SYN_P23"	"Bacterium_10"	10	10	1	-14	168
"bacteria"	"SYN_P23"	"Bacterium_11"	10	10	1	-14	168
"bacteria"	"SYN_P23"	"Bacterium_12"	10	4	0.4	-14	140
"bacteria"	"SYN_P24"	"Bacterium_01"	10	10	1	-14	168
"bacteria"	"SYN_P24"	"Bacterium_02"	10	10	1	-14	168
"bacteria"	"SYN_P24"	"Bacterium_03"	10	10	1	-14	168
"bacteria"	"SYN_P24"	"Bacterium_04"	10	10	1	-14	168
"bacteria"	"SYN_P24"	"Bacterium_05"	10	10	1	-14	168
"bacteria"	"SYN_P24"	"Bacterium_06"	10	10	1	-14	168
"bacteria"	"SYN_P24"	"Bacterium_07"	10	10	1	-14	168
"bacteria"	"SYN_P24"	"Bacterium_08"	10	10	1	-14	168
"bacteria"	"SYN_P24"	"Bacterium_09"	10	10	1	-14	168
"bacteria"	"SYN_P24"	"Bacterium_10"	10	10	1	-14	168
"bacteria"	"SYN_P24"	"Bacterium_11"	10	10	1	-14	168
"bacteria"	"SYN_P24"	"Bacterium_12"	10	4	0.4	14	112
"bacteria"	"SYN_P25"	"Bacterium_01"	10	10	1	-14	168
"bacteria"	"SYN_P25"	"Bacterium_02"	10	10	1	-14	168
"bacteria"	"SYN_P25"	"Bacterium_03"	10	10	1	-14	168
"bacteria"	"SYN_P25"	"Bacterium_04"	10	10	1	-14	168
"bacteria"	"SYN_P25"	"Bacterium_05"	10	10	1	-14	168
"bacteria"	"SYN_P25"	"Bacterium_06"	10	10	1	-14	168
"bacteria"	"SYN_P25"	"Bacterium_07"	10	10	1	-14	168
"bacteria"	"SYN_P25"	"Bacterium_08"	10	10	1	-14	168
"bacteria"	"SYN_P25"	"Bacterium_09"	10	10	1	-14	168
"bacteria"	"SYN_P25"	"Bacterium_10"	10	10	1	-14	168
"bacteria"	"SYN_P25"	"Bacterium_11"	10	10	1	-14	168
"bacteria"	"SYN_P25"	"Bacterium_12"	10	3	0.3	-14	140
"bacteria"	"SYN_P26"	"Bacterium_01"	10	10	1	-14	168
"bacteria"	"SYN_P26"	"Bacterium_02"	10	10	1	-14	168
"bacteria"	"SYN_P26"	"Bacterium_03"	10	10	1	-14	168
"bacteria"	"SYN_P26"	"Bacterium_04"	10	10	1	-14	168
"bacteria"	"SYN_P26"	"Bacterium_05"	10	10	1	-14	168
"bacteria"	"SYN_P26"	"Bacterium_06"	10	10	1	-14	168
"bacteria"	"SYN_P26"	"Bacterium_07"	10	10	1	-14	168
"bacteria"	"SYN_P26"	"Bacterium_08"	10	10	1	-14	168
"bacteria"	"SYN_P26"	"Bacterium_09"	10	10	1	-14	168
"bacteria"	"SYN_P26"	"Bacterium_10"	10	10	1	-14	168
"bacteria"	"SYN_P26"	"Bacterium_11"	10	10	1	-14	168
"bacteria"	"SYN_P26"	"Bacterium_12"	10	4	0.4	-14	168
"bacteria"	"SYN_P27"	"Bacterium_01"	10	10	1	-14	168
"bacteria"	"SYN_P27"	"Bacterium_02"	10	10	1	-14	168
"bacteria"	"SYN_P27"	"Bacterium_03"	10	10	1	-14	168
"bacteria"	"SYN_P27"	"Bacterium_04"	10	10	1	-14	168
"bacteria"	"SYN_P27"	"Bacterium_05"	10	10	1	-14	168
"bacteria"	"SYN_P27"	"Bacterium_06"	10	10	1	-14	168
"bacteria"	"SYN_P27"	"Bacterium_07"	10	10	1	-14	168
"bacteria"	"SYN_P27"	"Bacterium_08"	10	10	1	-14	168
"bacteria"	"SYN_P27"	"Bacterium_09"	10	10	1	-14	168
"bacteria"	"SYN_P27"	"Bacterium_10"	10	10	1	-14	168
"bacteria"	"SYN_P27"	"Bacterium_11"	10	10	1	-14	168
"bacteria"	"SYN_P27"	"Bacterium_12"	10	3	0.3	-7	84
"bacteria"	"SYN_P28"	"Bacterium_01"	10	10	1	-14	168
"bacteria"	"SYN_P28"	"Bacterium_02"	10	10	1	-14	168
"bacteria"	"SYN_P28"	"Bacterium_03"	10	10	1	-14	168
"bacteria"	"SYN_P28"	"Bacterium_04"	10	10	1	-14	168
"bacteria"	"SYN_P28"	"Bacterium_05"	10	10	1	-14	168
"bacteria"	"SYN_P28"	"Bacterium_06"	10	10	1	-14	168
"bacteria"	"SYN_P28"	"Bacterium_07"	10	10	1	-14	168
"bacteria"	"SYN_P28"	"Bacterium_08"	10	10	1	-14	168
"bacteria"	"SYN_P28"	"Bacterium_09"	10	10	1	-14	168
"bacteria"	"SYN_P28"	"Bacterium_10"	10	10	1	-14	168
"bacteria"	"SYN_P28"	"Bacterium_11"	10	10	1	-14	168
"bacteria"	"SYN_P28"	"Bacterium_12"	10	4	0.4	-7	168
"bacteria"	"SYN_P29"	"Bacterium_01"	10	10	1	-14	168
"bacteria"	"SYN_P29"	"Bacterium_02"	10	10	1	-14	168
"bacteria"	"SYN_P29"	"Bacterium_03"	10	10	1	-14	168
"bacteria"	"SYN_P29"	"Bacterium_04"	10	10	1	-14	168
"bacteria"	"SYN_P29"	"Bacterium_05"	10	10	1	-14	168
"bacteria"	"SYN_P29"	"Bacterium_06"	10	10	1	-14	168
"bacteria"	"SYN_P29"	"Bacterium_07"	10	10	1	-14	168
"bacteria"	"SYN_P29"	"Bacterium_08"	10	10	1	-14	168
"bacteria"	"SYN_P29"	"Bacterium_09"	10	10	1	-14	168
"bacteria"	"SYN_P29"	"Bacterium_10"	10	10	1	-14	168
"bacteria"	"SYN_P29"	"Bacterium_11"	10	10	1	-14	168
"bacteria"	"SYN_P29"	"Bacterium_12"	10	4	0.4	0	168
"bacteria"	"SYN_P30"	"Bacterium_01"	10	10	1	-14	168
"bacteria"	"SYN_P30"	"Bacterium_02"	10	10	1	-14	168
"bacteria"	"SYN_P30"	"Bacterium_03"	10	10	1	-14	168
"bacteria"	"SYN_P30"	"Bacterium_04"	10	10	1	-14	168
"bacteria"	"SYN_P30"	"Bacterium_05"	10	10	1	-14	168
"bacteria"	"SYN_P30"	"Bacterium_06"	10	10	1	-14	168
"bacteria"	"SYN_P30"	"Bacterium_07"	10	10	1	-14	168
"bacteria"	"SYN_P30"	"Bacterium_08"	10	10	1	-14	168
"bacteria"	"SYN_P30"	"Bacterium_09"	10	10	1	-14	168
"bacteria"	"SYN_P30"	"Bacterium_10"	10	10	1	-14	168
"bacteria"	"SYN_P30"	"Bacterium_11"	10	10	1	-14	168
"bacteria"	"SYN_P30"	"Bacterium_12"	10	1	0.1	112	112
"bacteria"	"SYN_P31"	"Bacterium_01"	10	10	1	-14	168
"bacteria"	"SYN_P31"	"Bacterium_02"	10	10	1	-14	168
"bacteria"	"SYN_P31"	"Bacterium_03"	10	10	1	-14	168
"bacteria"	"SYN_P31"	"Bacterium_04"	10	10	1	-14	168
"bacteria"	"SYN_P31"	"Bacterium_05"	10	10	1	-14	168
"bacteria"	"SYN_P31"	"Bacterium_06"	10	10	1	-14	168
"bacteria"	"SYN_P31"	"Bacterium_07"	10	10	1	-14	168
"bacteria"	"SYN_P31"	"Bacterium_08"	10	10	1	-14	168
"bacteria"	"SYN_P31"	"Bacterium_09"	10	10	1	-14	168
"bacteria"	"SYN_P31"	"Bacterium_10"	10	10	1	-14	168
"bacteria"	"SYN_P31"	"Bacterium_11"	10	10	1	-14	168
"bacteria"	"SYN_P31"	"Bacterium_12"	10	6	0.6	-7	140
"bacteria"	"SYN_P32"	"Bacterium_01"	10	10	1	-14	168
"bacteria"	"SYN_P32"	"Bacterium_02"	10	10	1	-14	168
"bacteria"	"SYN_P32"	"Bacterium_03"	10	10	1	-14	168
"bacteria"	"SYN_P32"	"Bacterium_04"	10	10	1	-14	168
"bacteria"	"SYN_P32"	"Bacterium_05"	10	10	1	-14	168
"bacteria"	"SYN_P32"	"Bacterium_06"	10	10	1	-14	168
"bacteria"	"SYN_P32"	"Bacterium_07"	10	10	1	-14	168
"bacteria"	"SYN_P32"	"Bacterium_08"	10	10	1	-14	168
"bacteria"	"SYN_P32"	"Bacterium_09"	10	10	1	-14	168
"bacteria"	"SYN_P32"	"Bacterium_10"	10	10	1	-14	168
"bacteria"	"SYN_P32"	"Bacterium_11"	10	10	1	-14	168
"bacteria"	"SYN_P32"	"Bacterium_12"	10	3	0.3	0	56
"phages"	"SYN_P01"	"Phage_01"	10	10	1	-14	168
"phages"	"SYN_P01"	"Phage_02"	10	10	1	-14	168
"phages"	"SYN_P01"	"Phage_03"	10	10	1	-14	168
"phages"	"SYN_P01"	"Phage_04"	10	10	1	-14	168
"phages"	"SYN_P01"	"Phage_05"	10	10	1	-14	168
"phages"	"SYN_P01"	"Phage_06"	10	10	1	-14	168
"phages"	"SYN_P01"	"Phage_07"	10	10	1	-14	168
"phages"	"SYN_P01"	"Phage_08"	10	2	0.2	56	140
"phages"	"SYN_P02"	"Phage_01"	10	10	1	-14	168
"phages"	"SYN_P02"	"Phage_02"	10	10	1	-14	168
"phages"	"SYN_P02"	"Phage_03"	10	10	1	-14	168
"phages"	"SYN_P02"	"Phage_04"	10	10	1	-14	168
"phages"	"SYN_P02"	"Phage_05"	10	10	1	-14	168
"phages"	"SYN_P02"	"Phage_06"	10	10	1	-14	168
"phages"	"SYN_P02"	"Phage_07"	10	10	1	-14	168
"phages"	"SYN_P02"	"Phage_08"	10	2	0.2	14	28
"phages"	"SYN_P03"	"Phage_01"	10	10	1	-14	168
"phages"	"SYN_P03"	"Phage_02"	10	10	1	-14	168
"phages"	"SYN_P03"	"Phage_03"	10	10	1	-14	168
"phages"	"SYN_P03"	"Phage_04"	10	10	1	-14	168
"phages"	"SYN_P03"	"Phage_05"	10	10	1	-14	168
"phages"	"SYN_P03"	"Phage_06"	10	10	1	-14	168
"phages"	"SYN_P03"	"Phage_07"	10	10	1	-14	168
"phages"	"SYN_P03"	"Phage_08"	10	4	0.4	-14	168
"phages"	"SYN_P04"	"Phage_01"	10	10	1	-14	168
"phages"	"SYN_P04"	"Phage_02"	10	10	1	-14	168
"phages"	"SYN_P04"	"Phage_03"	10	10	1	-14	168
"phages"	"SYN_P04"	"Phage_04"	10	10	1	-14	168
"phages"	"SYN_P04"	"Phage_05"	10	10	1	-14	168
"phages"	"SYN_P04"	"Phage_06"	10	10	1	-14	168
"phages"	"SYN_P04"	"Phage_07"	10	10	1	-14	168
"phages"	"SYN_P04"	"Phage_08"	10	6	0.6	0	168
"phages"	"SYN_P05"	"Phage_01"	10	10	1	-14	168
"phages"	"SYN_P05"	"Phage_02"	10	10	1	-14	168
"phages"	"SYN_P05"	"Phage_03"	10	10	1	-14	168
"phages"	"SYN_P05"	"Phage_04"	10	10	1	-14	168
"phages"	"SYN_P05"	"Phage_05"	10	10	1	-14	168
"phages"	"SYN_P05"	"Phage_06"	10	10	1	-14	168
"phages"	"SYN_P05"	"Phage_07"	10	10	1	-14	168
"phages"	"SYN_P05"	"Phage_08"	10	4	0.4	14	112
"phages"	"SYN_P06"	"Phage_01"	10	10	1	-14	168
"phages"	"SYN_P06"	"Phage_02"	10	10	1	-14	168
"phages"	"SYN_P06"	"Phage_03"	10	10	1	-14	168
"phages"	"SYN_P06"	"Phage_04"	10	10	1	-14	168
"phages"	"SYN_P06"	"Phage_05"	10	10	1	-14	168
"phages"	"SYN_P06"	"Phage_06"	10	10	1	-14	168
"phages"	"SYN_P06"	"Phage_07"	10	10	1	-14	168
"phages"	"SYN_P06"	"Phage_08"	10	3	0.3	-7	140
"phages"	"SYN_P07"	"Phage_01"	10	10	1	-14	168
"phages"	"SYN_P07"	"Phage_02"	10	10	1	-14	168
"phages"	"SYN_P07"	"Phage_03"	10	10	1	-14	168
"phages"	"SYN_P07"	"Phage_04"	10	10	1	-14	168
"phages"	"SYN_P07"	"Phage_05"	10	10	1	-14	168
"phages"	"SYN_P07"	"Phage_06"	10	10	1	-14	168
"phages"	"SYN_P07"	"Phage_07"	10	10	1	-14	168
"phages"	"SYN_P07"	"Phage_08"	10	6	0.6	-7	168
"phages"	"SYN_P08"	"Phage_01"	10	10	1	-14	168
"phages"	"SYN_P08"	"Phage_02"	10	10	1	-14	168
"phages"	"SYN_P08"	"Phage_03"	10	10	1	-14	168
"phages"	"SYN_P08"	"Phage_04"	10	10	1	-14	168
"phages"	"SYN_P08"	"Phage_05"	10	10	1	-14	168
"phages"	"SYN_P08"	"Phage_06"	10	10	1	-14	168
"phages"	"SYN_P08"	"Phage_07"	10	10	1	-14	168
"phages"	"SYN_P08"	"Phage_08"	10	5	0.5	-14	140
"phages"	"SYN_P09"	"Phage_01"	10	10	1	-14	168
"phages"	"SYN_P09"	"Phage_02"	10	10	1	-14	168
"phages"	"SYN_P09"	"Phage_03"	10	10	1	-14	168
"phages"	"SYN_P09"	"Phage_04"	10	10	1	-14	168
"phages"	"SYN_P09"	"Phage_05"	10	10	1	-14	168
"phages"	"SYN_P09"	"Phage_06"	10	10	1	-14	168
"phages"	"SYN_P09"	"Phage_07"	10	10	1	-14	168
"phages"	"SYN_P09"	"Phage_08"	10	5	0.5	0	140
"phages"	"SYN_P10"	"Phage_01"	10	10	1	-14	168
"phages"	"SYN_P10"	"Phage_02"	10	10	1	-14	168
"phages"	"SYN_P10"	"Phage_03"	10	10	1	-14	168
"phages"	"SYN_P10"	"Phage_04"	10	10	1	-14	168
"phages"	"SYN_P10"	"Phage_05"	10	10	1	-14	168
"phages"	"SYN_P10"	"Phage_06"	10	10	1	-14	168
"phages"	"SYN_P10"	"Phage_07"	10	10	1	-14	168
"phages"	"SYN_P10"	"Phage_08"	10	2	0.2	112	140
"phages"	"SYN_P11"	"Phage_01"	10	10	1	-14	168
"phages"	"SYN_P11"	"Phage_02"	10	10	1	-14	168
"phages"	"SYN_P11"	"Phage_03"	10	10	1	-14	168
"phages"	"SYN_P11"	"Phage_04"	10	10	1	-14	168
"phages"	"SYN_P11"	"Phage_05"	10	10	1	-14	168
"phages"	"SYN_P11"	"Phage_06"	10	10	1	-14	168
"phages"	"SYN_P11"	"Phage_07"	10	10	1	-14	168
"phages"	"SYN_P11"	"Phage_08"	10	7	0.7	-14	168
"phages"	"SYN_P12"	"Phage_01"	10	10	1	-14	168
"phages"	"SYN_P12"	"Phage_02"	10	10	1	-14	168
"phages"	"SYN_P12"	"Phage_03"	10	10	1	-14	168
"phages"	"SYN_P12"	"Phage_04"	10	10	1	-14	168
"phages"	"SYN_P12"	"Phage_05"	10	10	1	-14	168
"phages"	"SYN_P12"	"Phage_06"	10	10	1	-14	168
"phages"	"SYN_P12"	"Phage_07"	10	10	1	-14	168
"phages"	"SYN_P12"	"Phage_08"	10	5	0.5	-7	112
"phages"	"SYN_P13"	"Phage_01"	10	10	1	-14	168
"phages"	"SYN_P13"	"Phage_02"	10	10	1	-14	168
"phages"	"SYN_P13"	"Phage_03"	10	10	1	-14	168
"phages"	"SYN_P13"	"Phage_04"	10	10	1	-14	168
"phages"	"SYN_P13"	"Phage_05"	10	10	1	-14	168
"phages"	"SYN_P13"	"Phage_06"	10	10	1	-14	168
"phages"	"SYN_P13"	"Phage_07"	10	10	1	-14	168
"phages"	"SYN_P13"	"Phage_08"	10	6	0.6	-14	168
"phages"	"SYN_P14"	"Phage_01"	10	10	1	-14	168
"phages"	"SYN_P14"	"Phage_02"	10	10	1	-14	168
"phages"	"SYN_P14"	"Phage_03"	10	10	1	-14	168
"phages"	"SYN_P14"	"Phage_04"	10	10	1	-14	168
"phages"	"SYN_P14"	"Phage_05"	10	10	1	-14	168
"phages"	"SYN_P14"	"Phage_06"	10	10	1	-14	168
"phages"	"SYN_P14"	"Phage_07"	10	10	1	-14	168
"phages"	"SYN_P14"	"Phage_08"	10	2	0.2	-14	14
"phages"	"SYN_P15"	"Phage_01"	10	10	1	-14	168
"phages"	"SYN_P15"	"Phage_02"	10	10	1	-14	168
"phages"	"SYN_P15"	"Phage_03"	10	10	1	-14	168
"phages"	"SYN_P15"	"Phage_04"	10	10	1	-14	168
"phages"	"SYN_P15"	"Phage_05"	10	10	1	-14	168
"phages"	"SYN_P15"	"Phage_06"	10	10	1	-14	168
"phages"	"SYN_P15"	"Phage_07"	10	10	1	-14	168
"phages"	"SYN_P15"	"Phage_08"	10	4	0.4	-7	168
"phages"	"SYN_P16"	"Phage_01"	10	10	1	-14	168
"phages"	"SYN_P16"	"Phage_02"	10	10	1	-14	168
"phages"	"SYN_P16"	"Phage_03"	10	10	1	-14	168
"phages"	"SYN_P16"	"Phage_04"	10	10	1	-14	168
"phages"	"SYN_P16"	"Phage_05"	10	10	1	-14	168
"phages"	"SYN_P16"	"Phage_06"	10	10	1	-14	168
"phages"	"SYN_P16"	"Phage_07"	10	10	1	-14	168
"phages"	"SYN_P16"	"Phage_08"	10	5	0.5	-7	140
"phages"	"SYN_P17"	"Phage_01"	10	10	1	-14	168
"phages"	"SYN_P17"	"Phage_02"	10	10	1	-14	168
"phages"	"SYN_P17"	"Phage_03"	10	10	1	-14	168
"phages"	"SYN_P17"	"Phage_04"	10	10	1	-14	168
"phages"	"SYN_P17"	"Phage_05"	10	10	1	-14	168
"phages"	"SYN_P17"	"Phage_06"	10	10	1	-14	168
"phages"	"SYN_P17"	"Phage_07"	10	10	1	-14	168
"phages"	"SYN_P17"	"Phage_08"	10	5	0.5	-14	140
"phages"	"SYN_P18"	"Phage_01"	10	10	1	-14	168
"phages"	"SYN_P18"	"Phage_02"	10	10	1	-14	168
"phages"	"SYN_P18"	"Phage_03"	10	10	1	-14	168
"phages"	"SYN_P18"	"Phage_04"	10	10	1	-14	168
"phages"	"SYN_P18"	"Phage_05"	10	10	1	-14	168
"phages"	"SYN_P18"	"Phage_06"	10	10	1	-14	168
"phages"	"SYN_P18"	"Phage_07"	10	10	1	-14	168
"phages"	"SYN_P18"	"Phage_08"	10	2	0.2	0	28
"phages"	"SYN_P19"	"Phage_01"	10	10	1	-14	168
"phages"	"SYN_P19"	"Phage_02"	10	10	1	-14	168
"phages"	"SYN_P19"	"Phage_03"	10	10	1	-14	168
"phages"	"SYN_P19"	"Phage_04"	10	10	1	-14	168
"phages"	"SYN_P19"	"Phage_05"	10	10	1	-14	168
"phages"	"SYN_P19"	"Phage_06"	10	10	1	-14	168
"phages"	"SYN_P19"	"Phage_07"	10	10	1	-14	168
"phages"	"SYN_P19"	"Phage_08"	10	5	0.5	-14	168
"phages"	"SYN_P20"	"Phage_01"	10	10	1	-14	168
"phages"	"SYN_P20"	"Phage_02"	10	10	1	-14	168
"phages"	"SYN_P20"	"Phage_03"	10	10	1	-14	168
"phages"	"SYN_P20"	"Phage_04"	10	10	1	-14	168
"phages"	"SYN_P20"	"Phage_05"	10	10	1	-14	168
"phages"	"SYN_P20"	"Phage_06"	10	10	1	-14	168
"phages"	"SYN_P20"	"Phage_07"	10	10	1	-14	168
"phages"	"SYN_P20"	"Phage_08"	10	5	0.5	-7	168
"phages"	"SYN_P21"	"Phage_01"	10	10	1	-14	168
"phages"	"SYN_P21"	"Phage_02"	10	10	1	-14	168
"phages"	"SYN_P21"	"Phage_03"	10	10	1	-14	168
"phages"	"SYN_P21"	"Phage_04"	10	10	1	-14	168
"phages"	"SYN_P21"	"Phage_05"	10	10	1	-14	168
"phages"	"SYN_P21"	"Phage_06"	10	10	1	-14	168
"phages"	"SYN_P21"	"Phage_07"	10	10	1	-14	168
"phages"	"SYN_P21"	"Phage_08"	10	3	0.3	56	168
"phages"	"SYN_P22"	"Phage_01"	10	10	1	-14	168
"phages"	"SYN_P22"	"Phage_02"	10	10	1	-14	168
"phages"	"SYN_P22"	"Phage_03"	10	10	1	-14	168
"phages"	"SYN_P22"	"Phage_04"	10	10	1	-14	168
"phages"	"SYN_P22"	"Phage_05"	10	10	1	-14	168
"phages"	"SYN_P22"	"Phage_06"	10	10	1	-14	168
"phages"	"SYN_P22"	"Phage_07"	10	10	1	-14	168
"phages"	"SYN_P22"	"Phage_08"	10	4	0.4	-7	140
"phages"	"SYN_P23"	"Phage_01"	10	10	1	-14	168
"phages"	"SYN_P23"	"Phage_02"	10	10	1	-14	168
"phages"	"SYN_P23"	"Phage_03"	10	10	1	-14	168
"phages"	"SYN_P23"	"Phage_04"	10	10	1	-14	168
"phages"	"SYN_P23"	"Phage_05"	10	10	1	-14	168
"phages"	"SYN_P23"	"Phage_06"	10	10	1	-14	168
"phages"	"SYN_P23"	"Phage_07"	10	10	1	-14	168
"phages"	"SYN_P23"	"Phage_08"	10	5	0.5	-14	140
"phages"	"SYN_P24"	"Phage_01"	10	10	1	-14	168
"phages"	"SYN_P24"	"Phage_02"	10	10	1	-14	168
"phages"	"SYN_P24"	"Phage_03"	10	10	1	-14	168
"phages"	"SYN_P24"	"Phage_04"	10	10	1	-14	168
"phages"	"SYN_P24"	"Phage_05"	10	10	1	-14	168
"phages"	"SYN_P24"	"Phage_06"	10	10	1	-14	168
"phages"	"SYN_P24"	"Phage_07"	10	10	1	-14	168
"phages"	"SYN_P24"	"Phage_08"	10	3	0.3	-14	168
"phages"	"SYN_P25"	"Phage_01"	10	10	1	-14	168
"phages"	"SYN_P25"	"Phage_02"	10	10	1	-14	168
"phages"	"SYN_P25"	"Phage_03"	10	10	1	-14	168
"phages"	"SYN_P25"	"Phage_04"	10	10	1	-14	168
"phages"	"SYN_P25"	"Phage_05"	10	10	1	-14	168
"phages"	"SYN_P25"	"Phage_06"	10	10	1	-14	168
"phages"	"SYN_P25"	"Phage_07"	10	10	1	-14	168
"phages"	"SYN_P25"	"Phage_08"	10	3	0.3	0	140
"phages"	"SYN_P26"	"Phage_01"	10	10	1	-14	168
"phages"	"SYN_P26"	"Phage_02"	10	10	1	-14	168
"phages"	"SYN_P26"	"Phage_03"	10	10	1	-14	168
"phages"	"SYN_P26"	"Phage_04"	10	10	1	-14	168
"phages"	"SYN_P26"	"Phage_05"	10	10	1	-14	168
"phages"	"SYN_P26"	"Phage_06"	10	10	1	-14	168
"phages"	"SYN_P26"	"Phage_07"	10	10	1	-14	168
"phages"	"SYN_P26"	"Phage_08"	10	4	0.4	0	140
"phages"	"SYN_P27"	"Phage_01"	10	10	1	-14	168
"phages"	"SYN_P27"	"Phage_02"	10	10	1	-14	168
"phages"	"SYN_P27"	"Phage_03"	10	10	1	-14	168
"phages"	"SYN_P27"	"Phage_04"	10	10	1	-14	168
"phages"	"SYN_P27"	"Phage_05"	10	10	1	-14	168
"phages"	"SYN_P27"	"Phage_06"	10	10	1	-14	168
"phages"	"SYN_P27"	"Phage_07"	10	10	1	-14	168
"phages"	"SYN_P27"	"Phage_08"	10	1	0.1	0	0
"phages"	"SYN_P28"	"Phage_01"	10	10	1	-14	168
"phages"	"SYN_P28"	"Phage_02"	10	10	1	-14	168
"phages"	"SYN_P28"	"Phage_03"	10	10	1	-14	168
"phages"	"SYN_P28"	"Phage_04"	10	10	1	-14	168
"phages"	"SYN_P28"	"Phage_05"	10	10	1	-14	168
"phages"	"SYN_P28"	"Phage_06"	10	10	1	-14	168
"phages"	"SYN_P28"	"Phage_07"	10	10	1	-14	168
"phages"	"SYN_P28"	"Phage_08"	10	3	0.3	-7	84
"phages"	"SYN_P29"	"Phage_01"	10	10	1	-14	168
"phages"	"SYN_P29"	"Phage_02"	10	10	1	-14	168
"phages"	"SYN_P29"	"Phage_03"	10	10	1	-14	168
"phages"	"SYN_P29"	"Phage_04"	10	10	1	-14	168
"phages"	"SYN_P29"	"Phage_05"	10	10	1	-14	168
"phages"	"SYN_P29"	"Phage_06"	10	10	1	-14	168
"phages"	"SYN_P29"	"Phage_07"	10	10	1	-14	168
"phages"	"SYN_P29"	"Phage_08"	10	7	0.7	-14	168
"phages"	"SYN_P30"	"Phage_01"	10	10	1	-14	168
"phages"	"SYN_P30"	"Phage_02"	10	10	1	-14	168
"phages"	"SYN_P30"	"Phage_03"	10	10	1	-14	168
"phages"	"SYN_P30"	"Phage_04"	10	10	1	-14	168
"phages"	"SYN_P30"	"Phage_05"	10	10	1	-14	168
"phages"	"SYN_P30"	"Phage_06"	10	10	1	-14	168
"phages"	"SYN_P30"	"Phage_07"	10	10	1	-14	168
"phages"	"SYN_P30"	"Phage_08"	10	7	0.7	-14	140
"phages"	"SYN_P31"	"Phage_01"	10	10	1	-14	168
"phages"	"SYN_P31"	"Phage_02"	10	10	1	-14	168
"phages"	"SYN_P31"	"Phage_03"	10	10	1	-14	168
"phages"	"SYN_P31"	"Phage_04"	10	10	1	-14	168
"phages"	"SYN_P31"	"Phage_05"	10	10	1	-14	168
"phages"	"SYN_P31"	"Phage_06"	10	10	1	-14	168
"phages"	"SYN_P31"	"Phage_07"	10	10	1	-14	168
"phages"	"SYN_P31"	"Phage_08"	10	5	0.5	-7	112
"phages"	"SYN_P32"	"Phage_01"	10	10	1	-14	168
"phages"	"SYN_P32"	"Phage_02"	10	10	1	-14	168
"phages"	"SYN_P32"	"Phage_03"	10	10	1	-14	168
"phages"	"SYN_P32"	"Phage_04"	10	10	1	-14	168
"phages"	"SYN_P32"	"Phage_05"	10	10	1	-14	168
"phages"	"SYN_P32"	"Phage_06"	10	10	1	-14	168
"phages"	"SYN_P32"	"Phage_07"	10	10	1	-14	168
"phages"	"SYN_P32"	"Phage_08"	10	4	0.4	28	140
