"modality"	"participant_id"	"group"	"status"	"n_baseline"	"n_followup"	"first_observed_return_day"	"confirmation_day"	"previous_followup_day"	"last_observed_day"	"threshold"	"consecutive_samples"
"bacteria"	"SYN_P01"	"comparator"	"no_observed_departure"	2	3	NA	NA	NA	168	0.15	2
"bacteria"	"SYN_P02"	"comparator"	"not_observed_by_last_sample"	2	3	NA	NA	NA	168	0.15	2
"bacteria"	"SYN_P03"	"comparator"	"observed_return_to_threshold"	2	3	112	140	NA	168	0.15	2
"bacteria"	"SYN_P04"	"comparator"	"no_observed_departure"	2	3	NA	NA	NA	168	0.15	2
"bacteria"	"SYN_P05"	"comparator"	"observed_return_to_threshold"	2	3	112	140	NA	168	0.15	2
"bacteria"	"SYN_P06"	"comparator"	"observed_return_to_threshold"	2	3	112	140	NA	168	0.15	2
"bacteria"	"SYN_P07"	"comparator"	"no_observed_departure"	2	3	NA	NA	NA	168	0.15	2
"bacteria"	"SYN_P08"	"comparator"	"no_observed_departure"	2	3	NA	NA	NA	168	0.15	2
"bacteria"	"SYN_P09"	"comparator"	"observed_return_to_threshold"	2	3	112	140	NA	168	0.15	2
"bacteria"	"SYN_P10"	"comparator"	"no_observed_departure"	2	3	NA	NA	NA	168	0.15	2
"bacteria"	"SYN_P11"	"comparator"	"observed_return_to_threshold"	2	3	112	140	NA	168	0.15	2
"bacteria"	"SYN_P12"	"comparator"	"observed_return_to_threshold"	2	3	112	140	NA	168	0.15	2
"bacteria"	"SYN_P13"	"comparator"	"no_observed_departure"	2	3	NA	NA	NA	168	0.15	2
"bacteria"	"SYN_P14"	"comparator"	"no_observed_departure"	2	3	NA	NA	NA	168	0.15	2
"bacteria"	"SYN_P15"	"comparator"	"not_observed_by_last_sample"	2	3	NA	NA	NA	168	0.15	2
"bacteria"	"SYN_P16"	"comparator"	"no_observed_departure"	2	3	NA	NA	NA	168	0.15	2
"bacteria"	"SYN_P17"	"semaglutide"	"observed_return_to_threshold"	2	3	140	168	112	168	0.15	2
"bacteria"	"SYN_P18"	"semaglutide"	"observed_return_to_threshold"	2	3	140	168	112	168	0.15	2
"bacteria"	"SYN_P19"	"semaglutide"	"not_observed_by_last_sample"	2	3	NA	NA	NA	168	0.15	2
"bacteria"	"SYN_P20"	"semaglutide"	"observed_return_to_threshold"	2	3	140	168	112	168	0.15	2
"bacteria"	"SYN_P21"	"semaglutide"	"not_observed_by_last_sample"	2	3	NA	NA	NA	168	0.15	2
"bacteria"	"SYN_P22"	"semaglutide"	"not_observed_by_last_sample"	2	3	NA	NA	NA	168	0.15	2
"bacteria"	"SYN_P23"	"semaglutide"	"observed_return_to_threshold"	2	3	112	140	NA	168	0.15	2
"bacteria"	"SYN_P24"	"semaglutide"	"observed_return_to_threshold"	2	3	140	168	112	168	0.15	2
"bacteria"	"SYN_P25"	"semaglutide"	"observed_return_to_threshold"	2	3	140	168	112	168	0.15	2
"bacteria"	"SYN_P26"	"semaglutide"	"observed_return_to_threshold"	2	3	112	140	NA	168	0.15	2
"bacteria"	"SYN_P27"	"semaglutide"	"not_observed_by_last_sample"	2	3	NA	NA	NA	168	0.15	2
"bacteria"	"SYN_P28"	"semaglutide"	"observed_return_to_threshold"	2	3	112	140	NA	168	0.15	2
"bacteria"	"SYN_P29"	"semaglutide"	"observed_return_to_threshold"	2	3	112	140	NA	168	0.15	2
"bacteria"	"SYN_P30"	"semaglutide"	"observed_return_to_threshold"	2	3	140	168	112	168	0.15	2
"bacteria"	"SYN_P31"	"semaglutide"	"observed_return_to_threshold"	2	3	140	168	112	168	0.15	2
"bacteria"	"SYN_P32"	"semaglutide"	"observed_return_to_threshold"	2	3	112	140	NA	168	0.15	2
"phages"	"SYN_P01"	"comparator"	"observed_return_to_threshold"	2	3	112	140	NA	168	0.15	2
"phages"	"SYN_P02"	"comparator"	"not_observed_by_last_sample"	2	3	NA	NA	NA	168	0.15	2
"phages"	"SYN_P03"	"comparator"	"not_observed_by_last_sample"	2	3	NA	NA	NA	168	0.15	2
"phages"	"SYN_P04"	"comparator"	"not_observed_by_last_sample"	2	3	NA	NA	NA	168	0.15	2
"phages"	"SYN_P05"	"comparator"	"observed_return_to_threshold"	2	3	140	168	112	168	0.15	2
"phages"	"SYN_P06"	"comparator"	"not_observed_by_last_sample"	2	3	NA	NA	NA	168	0.15	2
"phages"	"SYN_P07"	"comparator"	"observed_return_to_threshold"	2	3	140	168	112	168	0.15	2
"phages"	"SYN_P08"	"comparator"	"no_observed_departure"	2	3	NA	NA	NA	168	0.15	2
"phages"	"SYN_P09"	"comparator"	"not_observed_by_last_sample"	2	3	NA	NA	NA	168	0.15	2
"phages"	"SYN_P10"	"comparator"	"not_observed_by_last_sample"	2	3	NA	NA	NA	168	0.15	2
"phages"	"SYN_P11"	"comparator"	"not_observed_by_last_sample"	2	3	NA	NA	NA	168	0.15	2
"phages"	"SYN_P12"	"comparator"	"no_observed_departure"	2	3	NA	NA	NA	168	0.15	2
"phages"	"SYN_P13"	"comparator"	"not_observed_by_last_sample"	2	3	NA	NA	NA	168	0.15	2
"phages"	"SYN_P14"	"comparator"	"no_observed_departure"	2	3	NA	NA	NA	168	0.15	2
"phages"	"SYN_P15"	"comparator"	"not_observed_by_last_sample"	2	3	NA	NA	NA	168	0.15	2
"phages"	"SYN_P16"	"comparator"	"observed_return_to_threshold"	2	3	112	140	NA	168	0.15	2
"phages"	"SYN_P17"	"semaglutide"	"not_observed_by_last_sample"	2	3	NA	NA	NA	168	0.15	2
"phages"	"SYN_P18"	"semaglutide"	"observed_return_to_threshold"	2	3	140	168	112	168	0.15	2
"phages"	"SYN_P19"	"semaglutide"	"not_observed_by_last_sample"	2	3	NA	NA	NA	168	0.15	2
"phages"	"SYN_P20"	"semaglutide"	"not_observed_by_last_sample"	2	3	NA	NA	NA	168	0.15	2
"phages"	"SYN_P21"	"semaglutide"	"not_observed_by_last_sample"	2	3	NA	NA	NA	168	0.15	2
"phages"	"SYN_P22"	"semaglutide"	"not_observed_by_last_sample"	2	3	NA	NA	NA	168	0.15	2
"phages"	"SYN_P23"	"semaglutide"	"observed_return_to_threshold"	2	3	112	140	NA	168	0.15	2
"phages"	"SYN_P24"	"semaglutide"	"not_observed_by_last_sample"	2	3	NA	NA	NA	168	0.15	2
"phages"	"SYN_P25"	"semaglutide"	"not_observed_by_last_sample"	2	3	NA	NA	NA	168	0.15	2
"phages"	"SYN_P26"	"semaglutide"	"not_observed_by_last_sample"	2	3	NA	NA	NA	168	0.15	2
"phages"	"SYN_P27"	"semaglutide"	"not_observed_by_last_sample"	2	3	NA	NA	NA	168	0.15	2
"phages"	"SYN_P28"	"semaglutide"	"not_observed_by_last_sample"	2	3	NA	NA	NA	168	0.15	2
"phages"	"SYN_P29"	"semaglutide"	"observed_return_to_threshold"	2	3	112	140	NA	168	0.15	2
"phages"	"SYN_P30"	"semaglutide"	"not_observed_by_last_sample"	2	3	NA	NA	NA	168	0.15	2
"phages"	"SYN_P31"	"semaglutide"	"observed_return_to_threshold"	2	3	112	140	NA	168	0.15	2
"phages"	"SYN_P32"	"semaglutide"	"not_observed_by_last_sample"	2	3	NA	NA	NA	168	0.15	2
