"sample_id"	"Bacterium_01"	"Bacterium_02"	"Bacterium_03"	"Bacterium_04"	"Bacterium_05"	"Bacterium_06"	"Bacterium_07"	"Bacterium_08"	"Bacterium_09"	"Bacterium_10"	"Bacterium_11"	"Bacterium_12"
"SYN_P01_T01"	2996	3848	3809	9169	5842	6070	4901	3545	2155	3840	3825	0
"SYN_P01_T02"	1109	4036	3519	6572	4644	5553	6205	4799	2033	3943	3866	3721
"SYN_P01_T03"	1497	3382	4739	5208	5196	4509	4719	5466	1601	3214	3484	6985
"SYN_P01_T04"	1245	3984	3149	5255	4831	6332	6185	4070	1731	4814	4019	4385
"SYN_P01_T05"	1857	3418	3237	5232	6088	4084	5962	3746	2383	4112	4558	5323
"SYN_P01_T06"	1910	2670	3899	6800	6020	5202	5154	5879	1819	4086	6561	0
"SYN_P01_T07"	2115	3473	3422	6295	4730	6651	6947	4812	2481	4543	4531	0
"SYN_P01_T08"	1482	4117	3149	6523	4504	7817	5241	3558	2576	5264	5769	0
"SYN_P01_T09"	1708	5278	4300	7154	4933	4519	5562	4037	1896	4017	6596	0
"SYN_P01_T10"	770	2323	4214	6527	8173	7378	4285	3469	1393	3836	3565	4067
"SYN_P02_T01"	6621	7367	4195	7982	3676	2496	2698	2674	2978	2392	6921	0
"SYN_P02_T02"	8714	7108	2923	6779	2596	2515	2664	1898	2559	1513	4179	6552
"SYN_P02_T03"	7405	7596	4741	7596	4206	3243	2932	2924	2046	3378	3933	0
"SYN_P02_T04"	4279	9222	2968	9953	2956	4154	3113	2880	1981	1663	6831	0
"SYN_P02_T05"	4705	10742	3771	6669	3165	3856	3917	2347	3159	3410	4259	0
"SYN_P02_T06"	3848	12088	3436	7185	3734	2681	3737	1794	2063	2087	7347	0
"SYN_P02_T07"	9689	8509	3419	6965	3036	3561	2990	2199	2075	2682	4875	0
"SYN_P02_T08"	5501	10571	5072	5406	3080	3724	3414	3060	2313	1739	6120	0
"SYN_P02_T09"	8616	10349	3849	5785	2962	2504	3417	1924	2713	1598	6283	0
"SYN_P02_T10"	7179	9357	4560	4733	2500	3189	5487	2936	2319	1946	5794	0
"SYN_P03_T01"	3739	9538	3578	5755	2549	3340	5314	7072	2981	2664	3470	0
"SYN_P03_T02"	4554	11119	3417	4014	2440	2954	5882	6699	2298	1979	4644	0
"SYN_P03_T03"	4480	10443	2964	6227	2621	2196	4165	6477	3009	2215	2802	2401
"SYN_P03_T04"	5576	7233	3264	4570	2096	3822	4634	6430	3003	2652	4543	2177
"SYN_P03_T05"	6888	5695	2613	3375	3032	3635	4943	9448	2201	2491	3035	2644
"SYN_P03_T06"	2633	9912	3501	3963	2795	2819	5146	9716	4520	2029	2966	0
"SYN_P03_T07"	5568	7354	3513	4062	4145	2922	5330	7019	3070	2189	4828	0
"SYN_P03_T08"	4803	9890	4703	4057	3081	3376	4891	4471	3999	2055	4674	0
"SYN_P03_T09"	3851	10577	2209	5541	1990	2992	6466	6529	2059	2780	2861	2145
"SYN_P03_T10"	4289	8135	3086	4599	3077	3922	5223	7707	3936	1839	4187	0
"SYN_P04_T01"	3634	5787	3120	5107	4832	4836	9425	1424	2369	3509	1392	4565
"SYN_P04_T02"	4085	7350	3581	6164	3517	5319	7465	1629	5907	3141	1842	0
"SYN_P04_T03"	5347	5528	1869	4114	5133	5477	6027	1389	4366	3481	1889	5380
"SYN_P04_T04"	3587	5534	3952	5282	4539	4778	6610	2204	5266	3357	1682	3209
"SYN_P04_T05"	4755	6565	3216	4907	3889	5927	8103	1621	5436	3903	1678	0
"SYN_P04_T06"	5366	8549	3434	2900	3881	4796	6761	1371	4361	1885	2268	4428
"SYN_P04_T07"	4510	6695	2980	3567	6042	4749	6750	1682	3898	2764	1637	4726
"SYN_P04_T08"	5624	10657	3859	3516	4747	5259	5941	1204	5243	2438	1512	0
"SYN_P04_T09"	6745	6405	3675	4247	5131	4784	7291	1244	5436	3259	1783	0
"SYN_P04_T10"	3374	6762	2621	3363	4341	6218	6039	1442	5380	3690	2412	4358
"SYN_P05_T01"	3530	2879	2554	4728	3767	3481	5137	3066	4324	4314	6953	5267
"SYN_P05_T02"	4064	2510	4524	7292	3105	4598	4211	2736	4515	4977	7468	0
"SYN_P05_T03"	4469	3589	5886	5672	4733	2892	5848	2232	4471	3437	6771	0
"SYN_P05_T04"	5386	3228	4168	3929	4599	3988	3807	1801	2825	4576	8118	3575
"SYN_P05_T05"	9131	2780	3477	4587	5714	3328	5227	2376	4315	3600	5465	0
"SYN_P05_T06"	4659	2137	4889	6696	4472	4515	5626	2180	4215	2928	7683	0
"SYN_P05_T07"	4412	3000	4225	5921	5367	4785	4247	3198	3966	4511	6368	0
"SYN_P05_T08"	3425	3311	3285	5375	2763	4150	4223	3635	5107	2805	6012	5909
"SYN_P05_T09"	4482	3110	4320	4159	3903	3925	3917	1279	5523	3489	8178	3715
"SYN_P05_T10"	6595	2733	3702	2985	5441	4033	4771	2678	5013	4604	7445	0
"SYN_P06_T01"	3333	5083	4090	6522	3011	3587	9412	4937	4385	4657	983	0
"SYN_P06_T02"	5346	3876	5444	6152	2701	4450	6959	4104	4558	4249	2161	0
"SYN_P06_T03"	5290	4453	3292	3902	2567	6363	7027	4687	6049	5028	1342	0
"SYN_P06_T04"	3628	5646	3496	5138	2007	5046	9932	4835	4835	3958	1479	0
"SYN_P06_T05"	3658	5128	3422	4192	3829	5150	7828	5116	4130	5587	1960	0
"SYN_P06_T06"	3257	4596	3943	4166	3562	3150	7965	7596	3031	3675	1310	3749
"SYN_P06_T07"	2982	4881	4688	6302	2921	4356	9000	4813	3508	5210	1339	0
"SYN_P06_T08"	3174	6089	3674	6937	2480	4180	6620	5185	4973	4921	1767	0
"SYN_P06_T09"	3754	3961	4975	8309	2821	4189	6969	4810	4238	4712	1262	0
"SYN_P06_T10"	3422	4774	4654	4762	2818	5036	6188	5340	3719	2884	1205	5198
"SYN_P07_T01"	3422	3392	10013	2886	2690	1876	2935	4167	3527	7013	8079	0
"SYN_P07_T02"	5549	3623	7458	2384	2673	2458	2073	4289	3910	4695	7544	3344
"SYN_P07_T03"	2497	2687	8485	1758	1740	1966	2942	2867	5447	6447	10264	2900
"SYN_P07_T04"	5675	2849	9345	2638	2309	1875	2774	3029	4057	6679	8770	0
"SYN_P07_T05"	6588	3859	7355	2276	3034	1561	1837	3080	3573	6488	10349	0
"SYN_P07_T06"	4614	2771	7433	2717	1995	2769	2180	3752	3751	6286	7609	4123
"SYN_P07_T07"	3815	4119	6377	2842	1588	2414	2225	4962	4980	5107	9443	2128
"SYN_P07_T08"	9123	4340	7147	2644	1932	1750	3227	4244	3876	4662	7055	0
"SYN_P07_T09"	4721	4635	5009	1803	2143	1787	2790	4018	3660	4569	10727	4138
"SYN_P07_T10"	8142	3874	7326	2583	1968	1854	1857	4670	3884	5926	7916	0
"SYN_P08_T01"	5018	3050	4421	3993	3409	6342	2904	3224	4150	4093	6731	2665
"SYN_P08_T02"	3822	4555	3723	2045	5647	4563	3743	6100	5521	3947	6334	0
"SYN_P08_T03"	4222	4170	3679	3092	7370	3534	4728	4607	4752	4322	5524	0
"SYN_P08_T04"	3833	3286	3393	2810	4880	6286	4324	2721	3964	3658	8428	2417
"SYN_P08_T05"	4836	3214	3964	2945	3777	5870	4807	3352	6528	3913	6794	0
"SYN_P08_T06"	5545	3017	5872	3416	4575	6614	3395	3412	5163	3185	5806	0
"SYN_P08_T07"	5684	3217	3734	2942	4416	6191	3366	3533	5408	2993	8516	0
"SYN_P08_T08"	2618	3699	3798	2945	5136	4753	5928	4159	3958	3320	7245	2441
"SYN_P08_T09"	2749	4342	4099	2616	5070	4134	4347	3366	4233	3067	9611	2366
"SYN_P08_T10"	4764	4604	3346	3119	4558	3718	4941	3628	4240	2306	7875	2901
"SYN_P09_T01"	10251	3559	3240	1926	7152	2226	4516	1959	3260	4585	2238	5088
"SYN_P09_T02"	6714	7672	3377	2249	8032	4278	3357	2644	3516	5959	2202	0
"SYN_P09_T03"	18377	2329	2204	1735	4778	2792	2109	1406	2184	7136	1342	3608
"SYN_P09_T04"	15533	3005	2787	2773	6346	3992	3504	1335	2902	5413	2410	0
"SYN_P09_T05"	9614	4416	3872	2390	7083	4808	3243	1705	3870	6517	2482	0
"SYN_P09_T06"	7948	4990	4803	2888	7206	3529	4905	1694	3037	6007	2993	0
"SYN_P09_T07"	12360	3929	3236	1686	5710	3060	3029	1431	3190	5332	2096	4941
"SYN_P09_T08"	12583	2563	3431	2067	6281	3693	3170	1861	2793	4970	1601	4987
"SYN_P09_T09"	7708	3549	3279	1911	4467	3681	3081	2223	4963	6656	2572	5910
"SYN_P09_T10"	8483	4026	3490	2318	7304	3511	4270	2051	3018	8226	3303	0
"SYN_P10_T01"	3756	2027	7337	5165	3060	3703	6267	5367	3660	5622	4036	0
"SYN_P10_T02"	3503	1519	6491	7077	4222	3588	6711	2937	2574	8176	3202	0
"SYN_P10_T03"	3597	2418	5426	7553	4002	3414	5391	4945	3019	6006	4229	0
"SYN_P10_T04"	3290	2773	5381	5202	3397	5231	4098	3706	3581	6756	2766	3819
"SYN_P10_T05"	4784	2037	5580	8083	4372	2963	5643	4529	3009	6209	2791	0
"SYN_P10_T06"	1665	3560	7176	6691	4106	5133	5098	3379	4776	5224	3192	0
"SYN_P10_T07"	2625	2428	6153	5345	4611	3390	6338	5506	2147	7119	4338	0
"SYN_P10_T08"	6379	2161	4734	5639	3381	4208	6223	5460	2656	4397	4762	0
"SYN_P10_T09"	4087	2053	5735	6127	3330	4228	6657	3183	2854	6541	5205	0
"SYN_P10_T10"	5004	1716	4467	6405	3943	3408	6117	3727	2716	6079	3386	3032
"SYN_P11_T01"	6513	3513	6662	3339	1968	9990	1880	9067	2357	2685	2026	0
"SYN_P11_T02"	7366	3970	5527	3836	2055	7139	1960	10441	1876	3647	2183	0
"SYN_P11_T03"	6132	2897	7887	4030	1351	9778	2212	8577	3079	2056	2001	0
"SYN_P11_T04"	8072	4285	4397	5099	2364	7316	2480	11162	1909	1630	1286	0
"SYN_P11_T05"	8942	2965	6676	2713	2059	10780	1615	8305	2153	2461	1331	0
"SYN_P11_T06"	9897	3483	5893	5213	1744	8526	2156	6737	2944	1832	1575	0
"SYN_P11_T07"	6639	2166	4749	3031	1750	6717	1197	12607	2268	2396	1531	4949
"SYN_P11_T08"	7039	4696	4569	3555	2774	9027	1755	8663	3697	2750	1475	0
"SYN_P11_T09"	7309	1909	4993	5280	1553	7942	1651	9200	1877	2557	1111	4618
"SYN_P11_T10"	6048	4524	6078	3638	2217	9769	2856	8176	2721	2187	1786	0
"SYN_P12_T01"	4340	4903	4825	1621	3088	3678	7273	4056	3838	2873	5841	3664
"SYN_P12_T02"	4900	3836	4323	2049	3344	3698	8844	3373	3270	2315	6925	3123
"SYN_P12_T03"	4123	5368	5177	2538	4065	3907	5010	3214	2633	3222	6651	4092
"SYN_P12_T04"	3966	6624	3674	1673	3537	4930	7873	3593	3609	4757	5764	0
"SYN_P12_T05"	4779	5250	4390	1352	3789	4389	5825	2867	3216	4152	9991	0
"SYN_P12_T06"	4143	5073	2590	1381	3675	4746	6174	4853	4671	5097	7597	0
"SYN_P12_T07"	4884	5008	2915	1332	2574	3535	7026	3648	2370	3235	10059	3414
"SYN_P12_T08"	3305	4602	3422	1432	4765	7174	8283	3799	2931	2637	7650	0
"SYN_P12_T09"	5110	6649	3790	1833	3366	5321	6291	4312	3250	3202	6876	0
"SYN_P12_T10"	5352	2634	4113	2344	3996	5100	6013	5627	4475	2925	7421	0
"SYN_P13_T01"	5873	6963	4129	1725	3058	1332	4988	2920	2760	2386	12276	1590
"SYN_P13_T02"	3824	7771	6689	3558	3140	1377	5748	2954	3047	2612	9280	0
"SYN_P13_T03"	6326	5382	6705	2618	1859	1503	7397	3668	3650	3185	7707	0
"SYN_P13_T04"	5925	5191	6633	2547	3415	1017	6615	2766	3793	2181	9917	0
"SYN_P13_T05"	3349	7831	4705	2178	3673	1004	6090	3686	3709	2661	8791	2323
"SYN_P13_T06"	4798	7194	5331	2410	3202	1426	6036	2779	3346	2817	8476	2185
"SYN_P13_T07"	4396	7704	6549	3329	2927	1769	5879	3581	3183	1691	8992	0
"SYN_P13_T08"	4483	7442	4056	1790	4122	1597	5861	3563	3757	3515	9814	0
"SYN_P13_T09"	4790	4564	5548	4252	3396	1472	5987	3859	4656	2642	8834	0
"SYN_P13_T10"	5202	5261	6184	2745	4960	1573	6454	3606	3405	2515	8095	0
"SYN_P14_T01"	2078	4900	1322	2236	2340	4075	3729	2204	5990	14897	3878	2351
"SYN_P14_T02"	5426	3234	2228	2826	3499	3352	3625	1650	8079	12822	3259	0
"SYN_P14_T03"	3992	2808	1415	4158	4432	3605	3713	1284	6367	12746	3050	2430
"SYN_P14_T04"	3110	3588	758	2207	4387	3254	3714	1733	6959	15585	4705	0
"SYN_P14_T05"	3727	5430	1458	1718	3241	3352	2961	1691	6822	15720	3880	0
"SYN_P14_T06"	3638	4111	1396	1804	2944	4002	4861	1742	9261	12744	3497	0
"SYN_P14_T07"	3828	4180	1836	1831	3131	3615	4528	1657	6128	13449	3842	1975
"SYN_P14_T08"	3907	3135	1257	2846	3322	3083	5165	2908	7618	12285	4474	0
"SYN_P14_T09"	6849	2670	1417	2362	2685	2815	3297	1746	7362	13181	3421	2195
"SYN_P14_T10"	5882	4411	1666	1989	4033	2552	4998	1978	6153	12584	3754	0
"SYN_P15_T01"	13221	3024	5176	3524	3338	1203	3121	3788	6035	998	6572	0
"SYN_P15_T02"	7273	3698	5734	4522	4874	2247	4063	5064	5227	1443	5855	0
"SYN_P15_T03"	8487	2516	4290	3678	7046	1550	4877	4495	5597	1821	5643	0
"SYN_P15_T04"	11470	2710	4911	3176	4344	1455	3274	4089	7503	1160	5908	0
"SYN_P15_T05"	9110	2958	4733	2621	6177	1623	4178	5121	5941	1688	5850	0
"SYN_P15_T06"	10728	3406	4812	2643	7629	1583	3891	3710	3786	1505	6307	0
"SYN_P15_T07"	6969	3200	3023	2003	3597	1376	3530	5527	4186	1370	7281	7938
"SYN_P15_T08"	7856	3524	2549	3038	3657	1469	3030	5322	5343	1971	6081	6160
"SYN_P15_T09"	8036	3760	6874	2897	4640	1623	3653	6122	5275	1639	5481	0
"SYN_P15_T10"	8261	3466	5114	2687	4735	1260	4373	3196	3961	1455	5554	5938
"SYN_P16_T01"	9313	2423	4806	2270	2155	3620	3389	8316	3712	1722	8274	0
"SYN_P16_T02"	5025	2818	4106	2568	1905	3656	2946	10339	5166	2546	6409	2516
"SYN_P16_T03"	7848	3687	3965	2051	2549	7741	3063	7427	3511	2312	5846	0
"SYN_P16_T04"	6009	3011	3922	1431	2903	4504	3433	7615	5579	2541	6463	2589
"SYN_P16_T05"	5295	3260	3781	1521	3134	5050	3177	8392	6193	2881	7316	0
"SYN_P16_T06"	4645	3621	4909	2467	2392	4763	2708	12242	4856	1904	5493	0
"SYN_P16_T07"	4896	3911	4435	1949	2325	4864	5241	8658	3592	2618	7511	0
"SYN_P16_T08"	3410	3068	3946	2334	2770	5499	3630	10966	6430	2267	5680	0
"SYN_P16_T09"	7935	3033	3938	1768	2285	3884	2699	7286	5547	1933	6414	3278
"SYN_P16_T10"	8349	4124	3699	1599	2793	2676	3442	10209	4363	2505	6241	0
"SYN_P17_T01"	1478	1623	5851	4074	14324	4267	4567	4984	2408	3282	3142	0
"SYN_P17_T02"	2690	1903	3736	4272	8884	4000	3908	5296	2348	2524	6844	3595
"SYN_P17_T03"	5411	634	4742	3885	7353	4800	6314	5420	3716	3312	4413	0
"SYN_P17_T04"	8970	1009	3450	4218	9155	5406	3750	4354	2253	2686	4749	0
"SYN_P17_T05"	9578	497	3562	3376	8026	2843	4754	4927	2640	2841	3797	3159
"SYN_P17_T06"	8605	570	3555	2910	7935	5064	3928	7417	2465	2470	5081	0
"SYN_P17_T07"	7727	896	4808	2674	6814	6068	5915	4789	2320	3546	4443	0
"SYN_P17_T08"	8789	1400	4682	3003	6500	4906	6311	4513	2243	3027	4626	0
"SYN_P17_T09"	2369	1369	4637	5167	7792	3878	6718	6843	3008	2605	5614	0
"SYN_P17_T10"	2515	1533	4625	3804	9548	4720	5811	4971	1556	2855	5047	3015
"SYN_P18_T01"	2729	3580	4386	5766	11571	4453	3841	2467	3960	2167	5080	0
"SYN_P18_T02"	4198	3106	4294	5090	8974	2942	6876	4518	2908	2066	5028	0
"SYN_P18_T03"	16642	862	3475	3228	9678	3461	3344	2232	2438	1883	2757	0
"SYN_P18_T04"	12893	821	4431	3345	8421	4115	2911	2957	2477	1862	3627	2140
"SYN_P18_T05"	13321	898	5078	2791	7364	3077	3386	3223	2343	1973	3864	2682
"SYN_P18_T06"	16643	783	3663	3751	7163	3232	3639	2308	3228	2418	3172	0
"SYN_P18_T07"	7283	1323	4343	2991	12535	4049	5143	2766	3023	2148	4396	0
"SYN_P18_T08"	7763	3052	4396	4722	5975	5647	3689	4261	3988	1993	4514	0
"SYN_P18_T09"	3003	3524	6369	5588	8804	4406	5152	3234	3901	2463	3556	0
"SYN_P18_T10"	3353	3576	4181	5142	9564	2934	5322	4563	3884	1855	5626	0
"SYN_P19_T01"	2645	4025	4290	4705	3310	5562	2370	3203	10264	2281	3921	3424
"SYN_P19_T02"	2804	7259	2464	4626	2322	4592	3463	2646	14065	2132	3627	0
"SYN_P19_T03"	7248	1807	3708	4932	3219	5188	3455	3449	10463	2096	4435	0
"SYN_P19_T04"	4082	1837	3559	6317	3402	3940	4555	2961	11832	2918	4597	0
"SYN_P19_T05"	7135	2301	3054	3404	3490	5783	3082	2637	9690	2735	3599	3090
"SYN_P19_T06"	4442	1595	3242	4610	2231	7538	3586	2966	12530	2430	3473	1357
"SYN_P19_T07"	7309	1748	2680	3986	2590	6494	2743	5319	7339	4144	5648	0
"SYN_P19_T08"	4576	3164	3344	6311	2729	4240	2508	2808	13634	2049	4637	0
"SYN_P19_T09"	5963	2994	2310	5280	1928	6261	2755	4455	9426	1962	3457	3209
"SYN_P19_T10"	2823	4281	3425	4188	3786	5899	1910	3249	14601	2216	3622	0
"SYN_P20_T01"	3046	3976	8857	5191	3998	3872	6148	5149	3299	3539	2925	0
"SYN_P20_T02"	2551	4051	3842	5815	3518	2695	6654	3976	2965	2599	2530	8804
"SYN_P20_T03"	11877	1222	10290	5110	3959	2428	3539	2829	2639	2098	4009	0
"SYN_P20_T04"	11715	1721	6636	4027	3347	3876	5449	4450	2819	2167	3793	0
"SYN_P20_T05"	7270	1898	7845	8234	4487	3108	5466	2659	3162	1870	4001	0
"SYN_P20_T06"	13434	1726	5604	2958	3317	2975	4963	3023	3541	1233	2132	5094
"SYN_P20_T07"	7175	2536	6203	6278	4435	4054	6925	3657	3313	2066	3358	0
"SYN_P20_T08"	5760	2742	9221	5806	2206	1931	5273	3228	2967	1999	2302	6565
"SYN_P20_T09"	4240	2598	6431	4293	3279	3745	5378	3069	2748	2056	4324	7839
"SYN_P20_T10"	5119	2501	7204	6598	3342	2481	5155	3934	2749	2268	2784	5865
"SYN_P21_T01"	4188	2075	5747	2942	4070	3053	6896	4459	2805	1457	8285	4023
"SYN_P21_T02"	5807	3476	4080	3655	5230	3529	4142	3534	2480	3527	7576	2964
"SYN_P21_T03"	10089	1123	3842	2794	4275	2581	6503	2461	2784	2318	11230	0
"SYN_P21_T04"	17579	948	3223	2123	2861	3382	5708	2889	2173	2165	6949	0
"SYN_P21_T05"	20339	687	3362	2176	2016	1899	4639	2310	1772	1683	9117	0
"SYN_P21_T06"	14636	937	3354	2571	3466	2560	6772	2974	1700	1646	9384	0
"SYN_P21_T07"	18826	879	3953	1803	2935	1904	4057	2087	2264	1881	9411	0
"SYN_P21_T08"	12541	1808	4812	3650	4240	3720	3985	2357	2461	2151	8275	0
"SYN_P21_T09"	7783	1872	3862	2783	5019	4190	4834	3694	1657	2432	11874	0
"SYN_P21_T10"	5416	3337	4966	2531	4417	4725	6796	2968	1998	2131	10715	0
"SYN_P22_T01"	2432	3282	5228	5277	2545	4618	5987	4741	4295	2548	5765	3282
"SYN_P22_T02"	2344	4257	4375	3856	3094	5317	6438	4224	3647	2655	4950	4843
"SYN_P22_T03"	5089	1998	4499	4668	4149	6933	4829	7035	3530	2656	4614	0
"SYN_P22_T04"	7023	2060	5886	3081	1431	5954	5023	4930	3767	1768	5248	3829
"SYN_P22_T05"	5730	1820	5903	3563	3041	4164	4748	5011	3672	2081	8037	2230
"SYN_P22_T06"	6099	1923	5354	3124	2894	5321	5144	5551	3966	2985	7639	0
"SYN_P22_T07"	5323	2218	2920	3040	2828	6780	4904	9092	5910	2714	4271	0
"SYN_P22_T08"	4496	2928	3713	4806	3115	5191	4606	5866	3899	1996	6035	3349
"SYN_P22_T09"	5048	2719	5145	3401	2347	6845	5888	5487	3297	2071	7752	0
"SYN_P22_T10"	3445	3986	3818	5299	4351	4190	6471	6884	4074	1664	5818	0
"SYN_P23_T01"	2413	1764	4738	5300	1632	5798	7149	4488	5345	3938	3553	3882
"SYN_P23_T02"	2032	2105	5170	4777	2064	5773	11479	5621	3559	4004	3416	0
"SYN_P23_T03"	13258	689	5775	3164	1783	4352	8462	3720	3762	2478	2557	0
"SYN_P23_T04"	8572	521	3639	3442	1399	5759	8834	3432	2761	2509	3826	5306
"SYN_P23_T05"	8367	644	6532	2328	2514	4442	8883	5079	5176	3594	2441	0
"SYN_P23_T06"	7388	666	3808	4034	2302	4821	8479	4923	3442	4950	2079	3108
"SYN_P23_T07"	9605	626	9700	3883	1162	3820	7863	3008	3904	3936	2493	0
"SYN_P23_T08"	2780	1226	6456	5416	2225	5811	6961	4969	5185	4351	4620	0
"SYN_P23_T09"	2758	1112	5697	4708	2098	4105	6993	5155	3906	5432	3096	4940
"SYN_P23_T10"	3233	1805	6505	3055	1700	6480	9320	5182	4945	2636	5139	0
"SYN_P24_T01"	5507	2665	3501	1225	7382	11129	6936	2919	4614	2010	2112	0
"SYN_P24_T02"	7703	3659	4060	2422	7104	5472	5095	3213	5479	3476	2317	0
"SYN_P24_T03"	13435	1455	2987	1436	6408	6465	4352	2997	5983	2528	1954	0
"SYN_P24_T04"	11764	1108	2976	1429	5206	6620	4357	2187	5582	1692	1500	5579
"SYN_P24_T05"	10490	763	4011	1943	5349	8474	6732	3175	5004	2360	1699	0
"SYN_P24_T06"	11153	962	3337	877	4219	5816	6292	2276	2911	1633	1711	8813
"SYN_P24_T07"	15204	723	2729	1265	4269	5038	5878	1931	3732	1505	1498	6228
"SYN_P24_T08"	7944	1373	1928	1652	4241	6480	4574	2686	4251	2407	2301	10163
"SYN_P24_T09"	4117	1535	3472	1301	9932	7423	5305	3816	8334	2537	2228	0
"SYN_P24_T10"	8467	2368	3339	985	7467	8610	6522	3760	4465	2134	1883	0
"SYN_P25_T01"	2171	6452	1895	4779	3200	4077	5010	5895	2910	4970	5503	3138
"SYN_P25_T02"	4976	7570	1527	4420	3753	5753	5314	5413	1504	2945	6825	0
"SYN_P25_T03"	16451	2125	1621	3893	3143	2600	4058	3899	1800	3531	6879	0
"SYN_P25_T04"	6879	2507	1072	4064	5363	5809	4438	5330	3453	4478	6607	0
"SYN_P25_T05"	9480	2604	1538	5214	4146	2725	5797	4458	2387	4882	6769	0
"SYN_P25_T06"	9280	3144	1352	6839	2455	4093	3816	3551	3322	5007	7141	0
"SYN_P25_T07"	11238	3288	1670	4973	4395	2501	5070	4762	2844	3575	5684	0
"SYN_P25_T08"	8410	3208	1289	3774	3626	4013	4306	5092	3148	3143	7638	2353
"SYN_P25_T09"	4549	4905	1826	5288	2925	3301	3827	5397	3325	5330	5655	3672
"SYN_P25_T10"	2989	5235	2029	5884	2416	3644	6580	4802	4903	4562	6956	0
"SYN_P26_T01"	3178	2877	1886	5310	4908	4297	3360	6516	2633	6660	2697	5678
"SYN_P26_T02"	3518	5133	1925	7420	6767	4657	3488	4715	3247	5973	3157	0
"SYN_P26_T03"	12868	1055	2082	4408	5905	3318	1836	7405	4367	4306	2450	0
"SYN_P26_T04"	11513	1340	1446	6575	4034	4896	3508	5071	3522	4383	3712	0
"SYN_P26_T05"	13760	1246	1605	5794	3863	5583	3088	4990	3377	3491	3203	0
"SYN_P26_T06"	10724	1410	1683	4954	3227	5099	1638	6614	3461	4013	2280	4897
"SYN_P26_T07"	9048	1888	2336	6293	4276	5334	3205	6128	3336	4414	3742	0
"SYN_P26_T08"	5574	2509	1430	6268	4212	4124	3770	5020	2936	4405	3933	5819
"SYN_P26_T09"	5015	2455	1263	6205	5066	6318	4153	8453	2884	5530	2658	0
"SYN_P26_T10"	3748	2852	2197	5073	3616	5180	2756	6536	2146	5285	3710	6901
"SYN_P27_T01"	2335	7849	6449	6605	3023	3955	2485	4313	4521	2198	6267	0
"SYN_P27_T02"	1516	5101	4766	4638	2847	3445	3102	4439	2862	2400	5807	9077
"SYN_P27_T03"	9619	2178	6832	4456	2809	3739	2782	2571	4311	2887	7816	0
"SYN_P27_T04"	11102	2471	5815	6156	2756	4750	1825	3168	4018	1805	6134	0
"SYN_P27_T05"	14449	2024	4828	5221	2316	3065	2211	3205	3343	2436	6902	0
"SYN_P27_T06"	8871	1927	5462	3161	2660	4066	2456	2966	3381	2237	6555	6258
"SYN_P27_T07"	9438	1627	4228	4308	2182	1694	1847	2983	5402	1793	5570	8928
"SYN_P27_T08"	6280	3949	6595	7037	2713	3608	2154	3215	5720	2814	5915	0
"SYN_P27_T09"	4081	6587	5501	5337	2334	4077	2223	4228	7448	2260	5924	0
"SYN_P27_T10"	4258	4929	5619	6177	3257	2880	2188	3756	4164	4262	8510	0
"SYN_P28_T01"	8489	3717	2899	3514	5819	12874	2892	3012	3566	1690	1528	0
"SYN_P28_T02"	4836	3823	2693	3176	7012	10757	2963	3308	2654	1993	2240	4545
"SYN_P28_T03"	9863	1753	2964	5909	4307	8594	3310	4021	1917	1469	1610	4283
"SYN_P28_T04"	14170	2459	2891	3773	5520	9295	2148	3330	2363	2067	1984	0
"SYN_P28_T05"	9751	2498	4914	4241	8064	9794	2222	3546	2403	1019	1548	0
"SYN_P28_T06"	12645	1526	2695	4579	5723	10860	2662	3898	1581	1642	2189	0
"SYN_P28_T07"	12030	1021	2496	2771	4980	12260	2401	2952	2211	1229	1653	3996
"SYN_P28_T08"	7690	3562	2172	4744	9013	10806	2792	3218	2494	1792	1717	0
"SYN_P28_T09"	5683	4065	2900	3573	6985	12889	2875	4445	2675	1349	2561	0
"SYN_P28_T10"	3084	3091	2965	4870	5839	9196	3451	2883	3363	1466	1702	8090
"SYN_P29_T01"	1327	8238	3944	2101	6513	4919	5278	3389	3964	3862	6465	0
"SYN_P29_T02"	2860	7859	3569	1707	6558	6276	5261	3057	2804	4635	5414	0
"SYN_P29_T03"	9151	3288	3306	2744	6775	4994	4771	2468	1926	3545	5691	1341
"SYN_P29_T04"	7132	2514	3555	2065	5643	4649	6966	2082	3752	3767	7875	0
"SYN_P29_T05"	8724	2642	2856	2332	6019	5520	4521	1830	3418	4167	7971	0
"SYN_P29_T06"	6831	2783	3511	1965	7316	3919	5352	2057	2883	4248	7530	1605
"SYN_P29_T07"	7941	3166	3453	1911	8575	4184	5038	2052	3044	4251	6385	0
"SYN_P29_T08"	3305	5258	2790	1595	10623	4625	6339	2474	3056	3380	6555	0
"SYN_P29_T09"	2552	6144	5175	2527	6697	4003	6325	2054	3143	3115	5970	2295
"SYN_P29_T10"	3336	5869	3285	1758	8128	5742	6821	1933	2590	3457	4553	2528
"SYN_P30_T01"	2872	5969	6625	1963	3008	2034	9044	6402	4998	2030	5055	0
"SYN_P30_T02"	3651	4413	7939	1601	2443	3174	10317	3685	5590	2705	4482	0
"SYN_P30_T03"	12462	1885	7351	1239	2042	3224	8553	3822	4665	2462	2295	0
"SYN_P30_T04"	14009	1691	4997	1807	2229	2392	7872	4413	4473	1970	4147	0
"SYN_P30_T05"	14348	1760	6092	1267	2947	3391	5018	4464	4341	3391	2981	0
"SYN_P30_T06"	13025	2239	6182	1767	2314	3910	6243	3751	4528	2953	3088	0
"SYN_P30_T07"	12963	2245	7523	1311	2052	3345	7632	3776	3214	2786	3153	0
"SYN_P30_T08"	7778	5203	7345	1480	1991	3066	8442	2886	3565	2557	2545	3142
"SYN_P30_T09"	4249	5473	5920	2783	3085	2939	7187	5065	5962	2626	4711	0
"SYN_P30_T10"	5602	4241	6827	1711	2209	3495	11783	3423	4633	2244	3832	0
"SYN_P31_T01"	5897	8504	3088	4023	3057	4192	3307	7116	2056	5351	3409	0
"SYN_P31_T02"	4467	9975	3293	2997	3668	3586	4008	5835	2272	5255	3202	1442
"SYN_P31_T03"	16961	3171	2713	1761	3392	2956	2330	6590	2008	3828	4290	0
"SYN_P31_T04"	8541	3694	5584	2612	4847	2855	2935	4049	3524	6140	5219	0
"SYN_P31_T05"	11432	2407	3732	3015	3487	4048	4069	3625	4230	5135	2832	1988
"SYN_P31_T06"	15115	2964	4028	2941	4344	3123	3354	3202	2035	3724	3617	1553
"SYN_P31_T07"	9071	3580	5159	1970	5333	2949	2998	3814	2384	7294	3519	1929
"SYN_P31_T08"	6454	3754	4972	3294	4754	5069	3515	5115	2943	4488	3868	1774
"SYN_P31_T09"	10243	6533	2744	2609	3579	3859	3078	6006	1531	4600	3012	2206
"SYN_P31_T10"	4237	6732	5387	2829	4356	6002	4029	5385	2698	4618	3727	0
"SYN_P32_T01"	7659	2799	3782	3185	6349	3441	6046	1975	4605	6769	3390	0
"SYN_P32_T02"	4965	2111	4201	4568	5150	2905	6617	2110	8407	4861	4105	0
"SYN_P32_T03"	12412	497	3616	3823	5412	1343	3979	965	4376	3926	5575	4076
"SYN_P32_T04"	14767	349	3646	2658	4684	1332	3298	1169	5728	3474	3104	5791
"SYN_P32_T05"	12915	720	3267	4292	5008	1790	3814	1846	6422	6193	3733	0
"SYN_P32_T06"	12775	828	3876	3938	3791	1381	4210	1657	5828	4529	3899	3288
"SYN_P32_T07"	15275	396	2534	4639	6661	1270	3755	1564	5384	4725	3797	0
"SYN_P32_T08"	6638	1296	3500	3237	6816	2871	5602	1779	6175	5820	6266	0
"SYN_P32_T09"	7334	1055	5956	4643	6824	1592	4591	1641	7400	4215	4749	0
"SYN_P32_T10"	5846	2349	3058	6461	6592	1888	6530	1820	6272	5663	3521	0
