"sample_id"	"Phage_01"	"Phage_02"	"Phage_03"	"Phage_04"	"Phage_05"	"Phage_06"	"Phage_07"	"Phage_08"
"SYN_P01_T01"	1330	2263	634	646	916	792	1419	0
"SYN_P01_T02"	935	2360	988	488	1188	878	1163	0
"SYN_P01_T03"	748	1878	896	742	1234	878	1624	0
"SYN_P01_T04"	584	1578	1235	1122	1144	1004	1333	0
"SYN_P01_T05"	814	1816	1154	1045	1395	928	848	0
"SYN_P01_T06"	1225	1366	1386	722	1042	784	568	907
"SYN_P01_T07"	1513	1955	1076	640	783	1098	935	0
"SYN_P01_T08"	755	2215	1235	893	1356	618	928	0
"SYN_P01_T09"	869	1816	746	597	917	1308	1104	643
"SYN_P01_T10"	607	2235	1478	513	892	815	1460	0
"SYN_P02_T01"	1344	1347	1612	1574	790	396	937	0
"SYN_P02_T02"	1426	1491	1682	1184	661	360	1196	0
"SYN_P02_T03"	1617	1629	1261	684	943	606	1260	0
"SYN_P02_T04"	1125	1956	1115	762	317	467	1065	1193
"SYN_P02_T05"	799	1422	1603	1012	854	422	1277	611
"SYN_P02_T06"	1424	998	1407	881	766	529	1995	0
"SYN_P02_T07"	1704	1179	1480	1551	731	452	903	0
"SYN_P02_T08"	1192	1570	1696	943	752	522	1325	0
"SYN_P02_T09"	1830	1131	812	633	1010	569	2015	0
"SYN_P02_T10"	2026	1205	1402	857	991	466	1053	0
"SYN_P03_T01"	862	1339	1017	385	815	385	982	2215
"SYN_P03_T02"	1001	1317	1493	655	1075	429	2030	0
"SYN_P03_T03"	1393	1391	1105	467	1183	367	2094	0
"SYN_P03_T04"	1580	997	1309	631	610	397	2476	0
"SYN_P03_T05"	1259	1090	1156	361	737	318	1436	1643
"SYN_P03_T06"	902	1285	1244	486	1190	512	2381	0
"SYN_P03_T07"	1186	799	1025	466	701	262	1716	1845
"SYN_P03_T08"	1239	1318	1419	584	976	366	2098	0
"SYN_P03_T09"	656	1951	1185	473	916	426	2393	0
"SYN_P03_T10"	698	1402	1140	703	780	520	973	1784
"SYN_P04_T01"	322	885	2070	470	1085	1820	1348	0
"SYN_P04_T02"	595	868	2085	627	718	1859	1248	0
"SYN_P04_T03"	898	736	882	672	641	1796	1084	1291
"SYN_P04_T04"	426	907	1044	732	665	2334	956	936
"SYN_P04_T05"	731	516	1697	809	696	2418	1133	0
"SYN_P04_T06"	783	896	1694	807	769	1407	818	826
"SYN_P04_T07"	969	730	1249	610	787	2124	699	832
"SYN_P04_T08"	696	1045	1916	732	981	1476	1154	0
"SYN_P04_T09"	806	480	1135	617	725	2428	625	1184
"SYN_P04_T10"	576	506	1927	622	998	1484	825	1062
"SYN_P05_T01"	1466	1023	1423	1483	920	437	1248	0
"SYN_P05_T02"	2204	844	760	1576	666	719	1231	0
"SYN_P05_T03"	2601	756	626	1747	381	454	1435	0
"SYN_P05_T04"	2043	722	816	1440	626	390	1035	928
"SYN_P05_T05"	3047	396	586	1204	337	391	836	1203
"SYN_P05_T06"	2206	483	532	1713	462	538	951	1115
"SYN_P05_T07"	1321	734	736	2350	445	775	1639	0
"SYN_P05_T08"	2304	709	429	1073	318	294	1136	1737
"SYN_P05_T09"	2296	549	1096	1860	369	633	1197	0
"SYN_P05_T10"	1244	1169	1005	2287	547	584	1164	0
"SYN_P06_T01"	1147	900	516	720	332	3726	659	0
"SYN_P06_T02"	1230	1214	563	755	464	2185	471	1118
"SYN_P06_T03"	1882	1174	622	372	412	2186	412	940
"SYN_P06_T04"	1571	1099	791	1057	506	2572	404	0
"SYN_P06_T05"	1103	1311	1005	1122	478	2691	290	0
"SYN_P06_T06"	1573	1506	815	749	870	1966	521	0
"SYN_P06_T07"	741	1290	1034	1036	502	2874	523	0
"SYN_P06_T08"	1833	985	483	1064	884	2273	478	0
"SYN_P06_T09"	1047	1169	486	822	453	2814	404	805
"SYN_P06_T10"	1480	1480	709	1001	487	2581	262	0
"SYN_P07_T01"	811	2504	1127	1769	935	309	545	0
"SYN_P07_T02"	1158	1897	1327	1243	397	385	789	804
"SYN_P07_T03"	1422	1674	909	2235	690	321	749	0
"SYN_P07_T04"	2236	2078	897	1036	626	381	746	0
"SYN_P07_T05"	1746	2334	1585	957	515	309	554	0
"SYN_P07_T06"	918	2078	895	1536	412	293	974	894
"SYN_P07_T07"	1422	2347	680	1456	469	243	830	553
"SYN_P07_T08"	1708	2075	791	1216	517	269	513	911
"SYN_P07_T09"	1334	2095	1084	1355	528	245	775	584
"SYN_P07_T10"	1538	1839	1171	1439	494	242	422	855
"SYN_P08_T01"	1441	1270	666	579	1172	2163	485	224
"SYN_P08_T02"	1532	1171	752	1092	1286	1441	445	281
"SYN_P08_T03"	1007	1196	534	1003	1789	1762	709	0
"SYN_P08_T04"	1169	1382	623	817	925	2498	586	0
"SYN_P08_T05"	1400	989	713	1228	1101	1860	709	0
"SYN_P08_T06"	1807	821	750	568	1156	2151	747	0
"SYN_P08_T07"	1453	1180	754	943	896	1484	853	437
"SYN_P08_T08"	733	1022	601	1998	792	2088	470	296
"SYN_P08_T09"	741	1458	578	1233	1101	2131	494	264
"SYN_P08_T10"	1545	1070	635	1038	1483	1721	508	0
"SYN_P09_T01"	1602	242	1801	1333	574	528	1920	0
"SYN_P09_T02"	524	167	2819	1428	704	823	1535	0
"SYN_P09_T03"	1451	336	1535	1120	419	406	986	1747
"SYN_P09_T04"	1810	430	1600	1065	952	658	1485	0
"SYN_P09_T05"	1689	324	1234	1478	458	391	1229	1197
"SYN_P09_T06"	861	359	1483	1312	756	598	1671	960
"SYN_P09_T07"	1301	400	1257	1545	649	731	2117	0
"SYN_P09_T08"	1586	237	1266	1247	586	699	1238	1141
"SYN_P09_T09"	620	260	2870	1237	745	488	1003	777
"SYN_P09_T10"	1335	352	1998	1528	707	529	1551	0
"SYN_P10_T01"	596	746	810	1641	2191	1242	774	0
"SYN_P10_T02"	375	1295	595	1701	2019	1070	945	0
"SYN_P10_T03"	463	1011	1456	1528	1445	1313	784	0
"SYN_P10_T04"	421	1235	653	1249	1931	1061	1450	0
"SYN_P10_T05"	480	810	398	1379	1978	1545	1410	0
"SYN_P10_T06"	331	683	518	1384	1630	1944	1510	0
"SYN_P10_T07"	444	1201	470	1164	1751	2009	961	0
"SYN_P10_T08"	439	689	592	1534	1160	1851	531	1204
"SYN_P10_T09"	361	717	443	1392	2224	848	931	1084
"SYN_P10_T10"	541	783	512	1279	2046	1533	1306	0
"SYN_P11_T01"	2121	1082	605	1054	295	637	1091	1115
"SYN_P11_T02"	1820	1353	786	1494	277	769	1501	0
"SYN_P11_T03"	1531	744	926	1146	266	438	1864	1085
"SYN_P11_T04"	2008	1422	795	1756	334	648	1037	0
"SYN_P11_T05"	1469	1489	858	800	134	307	1464	1479
"SYN_P11_T06"	2067	955	676	834	256	704	1128	1380
"SYN_P11_T07"	1464	1681	681	1118	191	457	977	1431
"SYN_P11_T08"	1542	2378	831	955	361	677	1256	0
"SYN_P11_T09"	900	1959	764	996	202	389	1022	1768
"SYN_P11_T10"	1507	1403	625	1233	300	470	1326	1136
"SYN_P12_T01"	395	936	437	877	2584	416	2355	0
"SYN_P12_T02"	1070	991	526	874	1827	323	1805	584
"SYN_P12_T03"	404	1116	578	536	2426	436	2504	0
"SYN_P12_T04"	230	1027	369	589	2499	424	2339	523
"SYN_P12_T05"	817	1121	343	829	2104	365	1812	609
"SYN_P12_T06"	560	1076	237	930	1710	432	2425	630
"SYN_P12_T07"	654	1486	367	1176	1493	463	2361	0
"SYN_P12_T08"	432	1189	316	905	1466	332	2712	648
"SYN_P12_T09"	856	1306	500	946	1476	579	2337	0
"SYN_P12_T10"	853	1129	694	711	1090	583	2940	0
"SYN_P13_T01"	437	1327	578	1033	732	1713	1442	738
"SYN_P13_T02"	297	802	1299	1107	1058	1803	1174	460
"SYN_P13_T03"	637	1731	617	867	499	1505	1581	563
"SYN_P13_T04"	624	1550	718	767	448	1766	1326	801
"SYN_P13_T05"	333	1256	1048	1204	746	1966	1447	0
"SYN_P13_T06"	272	1244	1558	1029	808	1338	1751	0
"SYN_P13_T07"	420	1941	948	844	799	1847	1201	0
"SYN_P13_T08"	287	1153	876	647	936	1952	1423	726
"SYN_P13_T09"	412	1594	704	994	606	1588	2102	0
"SYN_P13_T10"	251	1293	755	669	776	1525	1601	1130
"SYN_P14_T01"	716	1977	1449	860	1212	394	658	734
"SYN_P14_T02"	1351	1759	1330	778	1336	535	911	0
"SYN_P14_T03"	1183	2070	1093	716	1127	671	1140	0
"SYN_P14_T04"	714	2413	1237	384	1456	374	807	615
"SYN_P14_T05"	927	1952	1259	760	1742	515	845	0
"SYN_P14_T06"	1738	1923	1191	949	1266	393	540	0
"SYN_P14_T07"	1822	1362	1419	760	1430	381	826	0
"SYN_P14_T08"	858	1633	1363	728	1650	478	1290	0
"SYN_P14_T09"	1248	2071	1014	638	1475	428	1126	0
"SYN_P14_T10"	1565	1617	1147	693	1649	283	1046	0
"SYN_P15_T01"	1941	887	1415	397	773	586	2001	0
"SYN_P15_T02"	1208	649	1529	481	564	322	2083	1164
"SYN_P15_T03"	894	683	1097	341	433	418	2363	1771
"SYN_P15_T04"	1641	711	1517	566	529	596	2440	0
"SYN_P15_T05"	1093	556	1106	581	642	456	3566	0
"SYN_P15_T06"	1833	519	1837	756	601	394	2060	0
"SYN_P15_T07"	1303	971	2144	782	539	568	1693	0
"SYN_P15_T08"	1333	457	1201	452	513	323	1676	2045
"SYN_P15_T09"	932	1092	1943	763	804	495	1971	0
"SYN_P15_T10"	1246	827	1473	351	378	337	1709	1679
"SYN_P16_T01"	1388	2376	752	1049	336	906	1193	0
"SYN_P16_T02"	715	2402	1096	908	343	604	1083	849
"SYN_P16_T03"	545	1707	1074	974	449	1003	1122	1126
"SYN_P16_T04"	1234	1793	882	1334	421	1096	1240	0
"SYN_P16_T05"	548	2724	990	705	337	854	1240	602
"SYN_P16_T06"	670	2749	1202	923	432	917	1107	0
"SYN_P16_T07"	637	1354	1157	1360	431	1085	760	1216
"SYN_P16_T08"	446	2697	1036	1230	254	1048	1289	0
"SYN_P16_T09"	749	2428	935	944	223	934	1147	640
"SYN_P16_T10"	601	2353	620	1286	428	1184	1528	0
"SYN_P17_T01"	1461	973	994	1530	543	799	576	1124
"SYN_P17_T02"	2481	356	745	1174	675	608	678	1283
"SYN_P17_T03"	3037	181	1211	1742	662	734	433	0
"SYN_P17_T04"	2840	307	853	1396	1161	842	601	0
"SYN_P17_T05"	3183	328	1454	675	577	399	518	866
"SYN_P17_T06"	3485	379	859	1468	685	476	648	0
"SYN_P17_T07"	2857	564	1268	1350	665	749	547	0
"SYN_P17_T08"	2704	608	1424	572	537	781	668	706
"SYN_P17_T09"	1340	908	1069	990	958	966	512	1257
"SYN_P17_T10"	1193	1150	1464	1999	805	673	716	0
"SYN_P18_T01"	460	1231	1858	1024	1585	1168	674	0
"SYN_P18_T02"	657	1247	1971	979	982	1343	821	0
"SYN_P18_T03"	1557	380	1007	1014	402	1246	428	1966
"SYN_P18_T04"	1751	626	1977	1272	920	859	595	0
"SYN_P18_T05"	1239	472	1072	1316	962	826	453	1660
"SYN_P18_T06"	2694	572	1494	425	1350	1014	451	0
"SYN_P18_T07"	851	816	2129	1110	943	1385	766	0
"SYN_P18_T08"	832	935	1080	1449	1746	1145	813	0
"SYN_P18_T09"	594	1627	1079	1402	1069	1418	811	0
"SYN_P18_T10"	686	1481	1511	941	1130	1286	965	0
"SYN_P19_T01"	1114	451	952	902	574	203	2447	1357
"SYN_P19_T02"	560	494	1186	1152	456	376	2710	1066
"SYN_P19_T03"	1503	168	967	1474	309	230	2448	901
"SYN_P19_T04"	1365	211	1165	1607	385	483	2088	696
"SYN_P19_T05"	2094	190	1122	1168	400	619	2407	0
"SYN_P19_T06"	1520	209	2133	938	339	302	2559	0
"SYN_P19_T07"	1220	321	1296	1515	519	445	2684	0
"SYN_P19_T08"	876	207	661	1617	286	336	4017	0
"SYN_P19_T09"	1795	431	1589	1457	391	584	1753	0
"SYN_P19_T10"	1100	370	804	1432	490	305	2277	1222
"SYN_P20_T01"	562	411	562	1543	2022	826	2074	0
"SYN_P20_T02"	561	523	783	1247	2132	717	1643	394
"SYN_P20_T03"	1129	196	810	1004	1527	471	2863	0
"SYN_P20_T04"	1712	528	933	1091	1258	398	2080	0
"SYN_P20_T05"	843	383	770	1380	2035	819	1179	591
"SYN_P20_T06"	1360	203	513	1251	2176	939	1558	0
"SYN_P20_T07"	1021	325	478	985	1803	357	2434	597
"SYN_P20_T08"	1365	418	892	905	1302	792	2326	0
"SYN_P20_T09"	612	364	655	2091	1333	465	1715	765
"SYN_P20_T10"	542	550	642	981	1351	784	2621	529
"SYN_P21_T01"	885	319	658	738	809	840	3751	0
"SYN_P21_T02"	1910	195	582	685	964	624	3040	0
"SYN_P21_T03"	3522	74	476	627	710	590	2001	0
"SYN_P21_T04"	3541	152	441	570	1157	520	1619	0
"SYN_P21_T05"	4641	117	280	257	769	469	1467	0
"SYN_P21_T06"	2211	105	354	769	1145	642	1889	885
"SYN_P21_T07"	3166	74	477	880	662	521	2220	0
"SYN_P21_T08"	3173	249	296	728	1246	788	1520	0
"SYN_P21_T09"	1940	292	462	598	908	665	2016	1119
"SYN_P21_T10"	3228	176	337	446	721	609	1689	794
"SYN_P22_T01"	1250	1760	1396	1915	650	887	142	0
"SYN_P22_T02"	1134	937	962	1778	474	1352	166	1197
"SYN_P22_T03"	3522	480	743	999	654	709	146	747
"SYN_P22_T04"	3214	807	1564	943	434	797	241	0
"SYN_P22_T05"	2645	965	1177	1473	567	1048	125	0
"SYN_P22_T06"	4340	656	919	836	471	617	161	0
"SYN_P22_T07"	2389	674	1244	1210	513	1171	202	597
"SYN_P22_T08"	3968	696	888	1194	506	509	239	0
"SYN_P22_T09"	2147	1481	774	1168	550	752	326	802
"SYN_P22_T10"	2014	1298	1664	1281	449	1042	252	0
"SYN_P23_T01"	425	557	1068	587	1546	847	2084	886
"SYN_P23_T02"	382	841	971	866	1909	891	2140	0
"SYN_P23_T03"	1677	587	621	724	1022	1430	1939	0
"SYN_P23_T04"	1457	331	443	360	1600	768	2106	935
"SYN_P23_T05"	969	326	858	768	1290	943	1554	1292
"SYN_P23_T06"	1265	330	938	782	1468	569	2648	0
"SYN_P23_T07"	1475	596	844	820	1130	659	2476	0
"SYN_P23_T08"	421	764	664	452	1937	853	1958	951
"SYN_P23_T09"	580	973	868	706	1842	687	1575	769
"SYN_P23_T10"	609	670	807	630	1233	910	3141	0
"SYN_P24_T01"	959	932	394	528	1790	2089	807	501
"SYN_P24_T02"	1435	893	331	497	2058	2061	725	0
"SYN_P24_T03"	2465	432	322	435	1891	1805	650	0
"SYN_P24_T04"	1936	451	407	358	1818	2274	756	0
"SYN_P24_T05"	1895	636	232	586	1413	1766	1472	0
"SYN_P24_T06"	2551	911	221	593	1253	1732	739	0
"SYN_P24_T07"	2143	407	268	516	1239	2104	515	808
"SYN_P24_T08"	1738	623	245	819	1627	2223	725	0
"SYN_P24_T09"	704	920	268	644	929	3466	1069	0
"SYN_P24_T10"	1050	438	300	630	1513	2413	686	970
"SYN_P25_T01"	1580	1203	608	1524	340	806	1939	0
"SYN_P25_T02"	2571	882	767	1178	537	1016	1049	0
"SYN_P25_T03"	2937	407	370	616	255	400	1003	2012
"SYN_P25_T04"	3105	529	439	990	704	842	1391	0
"SYN_P25_T05"	4089	591	494	1018	262	547	999	0
"SYN_P25_T06"	3061	352	838	925	460	1357	1007	0
"SYN_P25_T07"	4055	669	551	722	474	668	861	0
"SYN_P25_T08"	2464	745	479	996	254	512	709	1841
"SYN_P25_T09"	2108	477	483	769	284	639	1656	1584
"SYN_P25_T10"	1758	1046	509	959	232	1208	2288	0
"SYN_P26_T01"	537	2600	926	1419	710	1299	509	0
"SYN_P26_T02"	523	2168	624	1370	728	1737	850	0
"SYN_P26_T03"	976	812	429	1088	536	1275	863	2021
"SYN_P26_T04"	829	1521	952	1324	665	1611	1098	0
"SYN_P26_T05"	1478	907	546	945	420	1105	378	2221
"SYN_P26_T06"	1392	1496	662	1049	755	2082	564	0
"SYN_P26_T07"	784	954	477	1023	558	1146	522	2536
"SYN_P26_T08"	704	2676	414	1180	598	1540	888	0
"SYN_P26_T09"	416	1683	501	913	712	1019	481	2275
"SYN_P26_T10"	464	2139	581	1433	559	1940	884	0
"SYN_P27_T01"	444	931	945	986	889	1512	2293	0
"SYN_P27_T02"	721	1241	1647	644	1033	1307	1407	0
"SYN_P27_T03"	1771	242	1068	423	766	741	1217	1772
"SYN_P27_T04"	1761	419	780	399	1360	1157	2124	0
"SYN_P27_T05"	2589	279	1635	442	977	898	1180	0
"SYN_P27_T06"	1356	457	1328	674	1044	949	2192	0
"SYN_P27_T07"	1153	582	1752	547	944	1286	1736	0
"SYN_P27_T08"	907	555	1424	643	942	1390	2139	0
"SYN_P27_T09"	1688	842	1406	951	1227	746	1140	0
"SYN_P27_T10"	780	872	1866	451	1058	1118	1855	0
"SYN_P28_T01"	3557	831	697	268	1580	580	487	0
"SYN_P28_T02"	3120	816	832	316	1093	446	511	866
"SYN_P28_T03"	5302	319	806	194	786	370	223	0
"SYN_P28_T04"	3855	288	992	255	1197	385	354	674
"SYN_P28_T05"	4381	620	870	231	1092	335	471	0
"SYN_P28_T06"	3258	480	1516	299	1183	623	641	0
"SYN_P28_T07"	5273	175	502	217	575	385	209	664
"SYN_P28_T08"	5160	379	808	175	884	388	206	0
"SYN_P28_T09"	3138	819	1175	239	1506	654	469	0
"SYN_P28_T10"	2033	1218	1408	384	1731	718	508	0
"SYN_P29_T01"	390	1241	672	1374	872	2345	727	379
"SYN_P29_T02"	500	1531	852	1219	610	1796	1005	487
"SYN_P29_T03"	2241	842	492	978	542	1471	1434	0
"SYN_P29_T04"	1623	562	390	1464	529	2000	846	586
"SYN_P29_T05"	2174	1006	636	1530	810	1069	775	0
"SYN_P29_T06"	1172	561	709	1772	590	2459	737	0
"SYN_P29_T07"	1633	562	586	1869	531	1243	1143	433
"SYN_P29_T08"	650	805	631	1433	708	2265	940	568
"SYN_P29_T09"	675	1275	781	1390	743	1418	1306	412
"SYN_P29_T10"	860	1041	566	1403	861	1893	826	550
"SYN_P30_T01"	460	761	345	858	512	2249	946	1869
"SYN_P30_T02"	655	840	290	1072	546	2563	586	1448
"SYN_P30_T03"	1779	464	337	604	281	2547	696	1292
"SYN_P30_T04"	2334	700	724	655	307	2404	876	0
"SYN_P30_T05"	2124	522	389	648	373	1991	580	1373
"SYN_P30_T06"	1992	196	193	1140	539	1547	555	1838
"SYN_P30_T07"	2401	413	343	774	250	1152	944	1723
"SYN_P30_T08"	1423	797	331	967	390	3418	674	0
"SYN_P30_T09"	779	537	380	868	255	2380	988	1813
"SYN_P30_T10"	1239	767	421	1063	513	3110	887	0
"SYN_P31_T01"	965	762	700	1670	2266	693	944	0
"SYN_P31_T02"	1083	567	503	1446	2342	601	845	613
"SYN_P31_T03"	1588	365	944	1401	1396	1214	598	494
"SYN_P31_T04"	1534	348	469	1816	2041	1072	720	0
"SYN_P31_T05"	1519	208	668	1543	1305	1190	878	689
"SYN_P31_T06"	1605	214	832	1597	1716	687	749	600
"SYN_P31_T07"	1258	266	862	1108	2503	878	1125	0
"SYN_P31_T08"	1129	435	1083	1015	1949	701	938	750
"SYN_P31_T09"	1613	334	725	1571	1934	1063	760	0
"SYN_P31_T10"	668	458	683	2292	2145	944	810	0
"SYN_P32_T01"	1700	293	1388	1101	899	1083	1536	0
"SYN_P32_T02"	1445	256	1183	641	800	1744	1931	0
"SYN_P32_T03"	2140	175	967	843	528	1314	2033	0
"SYN_P32_T04"	2208	215	995	797	732	955	2098	0
"SYN_P32_T05"	2910	180	700	960	529	868	1172	681
"SYN_P32_T06"	2576	143	1005	729	666	848	2033	0
"SYN_P32_T07"	1885	208	721	1099	847	1148	1486	606
"SYN_P32_T08"	1361	239	1062	646	781	764	2153	994
"SYN_P32_T09"	1649	240	748	1016	474	1079	2032	762
"SYN_P32_T10"	1901	220	1427	966	1095	594	1797	0
